No.,ESTADO,CEVEM,MEDIO,SIGLAS,EMISORA,MATERIAL,VERSIÓN,TIPO ACTOR,ACTOR,FECHA TRANSMISIÓN,HORA TRANSMISIÓN,CALIFICACIÓN,NOMBRE CONCESIONARIO,TIPO CONCESIÓN,NOMBRE DE ESTACIÓN,TIPO MEDIO,MEDIO (RADIO/TELEVISIÓN)
1,YUCATAN,146-VALLADOLID,91.9,XHMET-FM,XHMET-FM-91.9,RA00142-23,CATÁLOGO 2023_RADIO_MAYA,AE,IEPAC,2023-11-08,18:37:34,EXCEDENTE,"Radio Valladolid, S.A. de C.V.",RADIO CONCESIONADO,"Xeme, La Poderosa de Oriente",FM  ,RADIO
2,YUCATAN,146-VALLADOLID,91.9,XHMET-FM,XHMET-FM-91.9,RA00783-23,C4_SD_FECHA LÍMITE TRÁMITES REGISTRALES RE_0923_RD,AE,INE,2023-11-08,18:38:15,EXCEDENTE,"Radio Valladolid, S.A. de C.V.",RADIO CONCESIONADO,"Xeme, La Poderosa de Oriente",FM  ,RADIO
3,YUCATAN,146-VALLADOLID,CANAL23.2,XHKYU-TDT,XHKYU-TDT-CANAL23.2,RV00799-23,JUSTICIA MORENA,PP,MORENA,2023-11-13,14:53:32,EXCEDENTE,"Televisión Azteca III, S.A. de C.V.",TELEVISION CONCESIONADO,ADN 40,TDT,TELEVISIÓN
4,YUCATAN,146-VALLADOLID,92.7,XHUM-FM,XHUM-FM-92.7,RA00379-23,ACCIONES AFIRMATIVAS 2023,AE,TEPJF,2023-11-13,19:24:51,EXCEDENTE,"Medios Electrónicos de Valladolid, S.A. de C.V.",RADIO CONCESIONADO,S/D,FM  ,RADIO
5,YUCATAN,146-VALLADOLID,92.7,XHUM-FM,XHUM-FM-92.7,RA00142-23,CATÁLOGO 2023_RADIO_MAYA,AE,IEPAC,2023-11-13,19:25:21,EXCEDENTE,"Medios Electrónicos de Valladolid, S.A. de C.V.",RADIO CONCESIONADO,S/D,FM  ,RADIO
6,YUCATAN,146-VALLADOLID,92.7,XHUM-FM,XHUM-FM-92.7,RA00883-23,DAMOS RESULTADOS V1,PP,PRI,2023-11-13,19:25:52,EXCEDENTE,"Medios Electrónicos de Valladolid, S.A. de C.V.",RADIO CONCESIONADO,S/D,FM  ,RADIO
7,YUCATAN,146-VALLADOLID,CANAL24,XHVAD-TDT,XHVAD-TDT-CANAL24,RV00081-20,VALORES 2020 MAYA_TELEVISIÓN ,AE,IEPAC,2023-11-16,22:55:16,EXCEDENTE,"Televisión Azteca III, S.A. de C.V.",TELEVISION CONCESIONADO,Azteca 7,TDT,TELEVISIÓN
8,YUCATAN,146-VALLADOLID,CANAL24,XHVAD-TDT,XHVAD-TDT-CANAL24,RV00827-23,PRE GOB YUC MANIFESTO RB V2,PP,PAN,2023-11-16,22:55:46,EXCEDENTE,"Televisión Azteca III, S.A. de C.V.",TELEVISION CONCESIONADO,Azteca 7,TDT,TELEVISIÓN
9,YUCATAN,146-VALLADOLID,CANAL32.2,XHVTT-TDT,XHVTT-TDT-CANAL32.2,RV00699-23,C1_SA_CONVOCATORIA SE-CAE_1023_TV,AE,INE,2023-11-19,09:08:44,EXCEDENTE,"Televimex, S.A. de C.V.",TELEVISION CONCESIONADO,Canal 5,TDT,TELEVISIÓN
10,YUCATAN,146-VALLADOLID,CANAL32.2,XHVTT-TDT,XHVTT-TDT-CANAL32.2,RV00661-23,C1_SA_REGISTRO EN LA LNERE VMRE RE_0923_TV,AE,INE,2023-11-19,09:10:14,EXCEDENTE,"Televimex, S.A. de C.V.",TELEVISION CONCESIONADO,Canal 5,TDT,TELEVISIÓN
11,YUCATAN,146-VALLADOLID,CANAL32.2,XHVTT-TDT,XHVTT-TDT-CANAL32.2,RV00699-23,C1_SA_CONVOCATORIA SE-CAE_1023_TV,AE,INE,2023-11-19,09:10:44,EXCEDENTE,"Televimex, S.A. de C.V.",TELEVISION CONCESIONADO,Canal 5,TDT,TELEVISIÓN
12,YUCATAN,146-VALLADOLID,CANAL32,XHVTT-TDT,XHVTT-TDT-CANAL32,RV00661-23,C1_SA_REGISTRO EN LA LNERE VMRE RE_0923_TV,AE,INE,2023-11-19,09:29:30,EXCEDENTE,"Televimex, S.A. de C.V.",TELEVISION CONCESIONADO,Las Estrellas,TDT,TELEVISIÓN
13,YUCATAN,146-VALLADOLID,CANAL32.2,XHVTT-TDT,XHVTT-TDT-CANAL32.2,RV00811-23,PROG SOC VERDE YUCATÁN,PP,PVEM,2023-11-19,10:09:24,EXCEDENTE,"Televimex, S.A. de C.V.",TELEVISION CONCESIONADO,Canal 5,TDT,TELEVISIÓN
14,YUCATAN,146-VALLADOLID,CANAL32,XHVTT-TDT,XHVTT-TDT-CANAL32,RV00811-23,PROG SOC VERDE YUCATÁN,PP,PVEM,2023-11-19,10:40:14,EXCEDENTE,"Televimex, S.A. de C.V.",TELEVISION CONCESIONADO,Las Estrellas,TDT,TELEVISIÓN
15,YUCATAN,146-VALLADOLID,CANAL32.2,XHVTT-TDT,XHVTT-TDT-CANAL32.2,RV00136-23,CATALOGO2023_ESPAÑOL_V2,AE,IEPAC,2023-11-19,11:01:50,EXCEDENTE,"Televimex, S.A. de C.V.",TELEVISION CONCESIONADO,Canal 5,TDT,TELEVISIÓN
16,YUCATAN,146-VALLADOLID,CANAL32.2,XHVTT-TDT,XHVTT-TDT-CANAL32.2,RV00135-23,CATALOGO2023_MAYA_V2,AE,IEPAC,2023-11-19,11:02:50,EXCEDENTE,"Televimex, S.A. de C.V.",TELEVISION CONCESIONADO,Canal 5,TDT,TELEVISIÓN
17,YUCATAN,146-VALLADOLID,CANAL32,XHVTT-TDT,XHVTT-TDT-CANAL32,RV00136-23,CATALOGO2023_ESPAÑOL_V2,AE,IEPAC,2023-11-19,11:34:58,EXCEDENTE,"Televimex, S.A. de C.V.",TELEVISION CONCESIONADO,Las Estrellas,TDT,TELEVISIÓN
18,YUCATAN,146-VALLADOLID,CANAL32,XHVTT-TDT,XHVTT-TDT-CANAL32,RV00135-23,CATALOGO2023_MAYA_V2,AE,IEPAC,2023-11-19,11:35:59,EXCEDENTE,"Televimex, S.A. de C.V.",TELEVISION CONCESIONADO,Las Estrellas,TDT,TELEVISIÓN
19,YUCATAN,146-VALLADOLID,91.9,XHMET-FM,XHMET-FM-91.9,RA00953-23,PRE GOB YUC TRANSFORMACIÓN RB,PP,PAN,2023-11-19,12:33:38,EXCEDENTE,"Radio Valladolid, S.A. de C.V.",RADIO CONCESIONADO,"Xeme, La Poderosa de Oriente",FM  ,RADIO
20,YUCATAN,146-VALLADOLID,CANAL32,XHVTT-TDT,XHVTT-TDT-CANAL32,RV00655-23,C4_SD_FECHA LÍMITE CAMBIO DE DOMICILIO RE_0923_TV,AE,INE,2023-11-19,15:11:18,EXCEDENTE,"Televimex, S.A. de C.V.",TELEVISION CONCESIONADO,Las Estrellas,TDT,TELEVISIÓN
21,YUCATAN,146-VALLADOLID,CANAL32.2,XHVTT-TDT,XHVTT-TDT-CANAL32.2,RV00655-23,C4_SD_FECHA LÍMITE CAMBIO DE DOMICILIO RE_0923_TV,AE,INE,2023-11-19,15:25:40,EXCEDENTE,"Televimex, S.A. de C.V.",TELEVISION CONCESIONADO,Canal 5,TDT,TELEVISIÓN
22,YUCATAN,146-VALLADOLID,CANAL32.2,XHVTT-TDT,XHVTT-TDT-CANAL32.2,RV00659-23,C4_SD_FECHA LÍMITE RENOVACIÓN DE LA INE RE_0923_TV,AE,INE,2023-11-19,16:37:46,EXCEDENTE,"Televimex, S.A. de C.V.",TELEVISION CONCESIONADO,Canal 5,TDT,TELEVISIÓN
23,YUCATAN,146-VALLADOLID,CANAL32,XHVTT-TDT,XHVTT-TDT-CANAL32,RV00659-23,C4_SD_FECHA LÍMITE RENOVACIÓN DE LA INE RE_0923_TV,AE,INE,2023-11-19,16:53:06,EXCEDENTE,"Televimex, S.A. de C.V.",TELEVISION CONCESIONADO,Las Estrellas,TDT,TELEVISIÓN
24,YUCATAN,146-VALLADOLID,CANAL32.2,XHVTT-TDT,XHVTT-TDT-CANAL32.2,RV00700-23,C5_SA_APP CANDIDATURAS INDEPENDIENTES_1023_TV,AE,INE,2023-11-19,17:31:44,EXCEDENTE,"Televimex, S.A. de C.V.",TELEVISION CONCESIONADO,Canal 5,TDT,TELEVISIÓN
25,YUCATAN,146-VALLADOLID,CANAL32,XHVTT-TDT,XHVTT-TDT-CANAL32,RV00699-23,C1_SA_CONVOCATORIA SE-CAE_1023_TV,AE,INE,2023-11-19,18:01:15,EXCEDENTE,"Televimex, S.A. de C.V.",TELEVISION CONCESIONADO,Las Estrellas,TDT,TELEVISIÓN
26,YUCATAN,146-VALLADOLID,91.9,XHMET-FM,XHMET-FM-91.9,RA00953-23,PRE GOB YUC TRANSFORMACIÓN RB,PP,PAN,2023-11-19,19:36:59,EXCEDENTE,"Radio Valladolid, S.A. de C.V.",RADIO CONCESIONADO,"Xeme, La Poderosa de Oriente",FM  ,RADIO
27,YUCATAN,146-VALLADOLID,CANAL32,XHVTT-TDT,XHVTT-TDT-CANAL32,RV00699-23,C1_SA_CONVOCATORIA SE-CAE_1023_TV,AE,INE,2023-11-19,21:24:12,EXCEDENTE,"Televimex, S.A. de C.V.",TELEVISION CONCESIONADO,Las Estrellas,TDT,TELEVISIÓN
28,YUCATAN,146-VALLADOLID,CANAL32.2,XHVTT-TDT,XHVTT-TDT-CANAL32.2,RV00699-23,C1_SA_CONVOCATORIA SE-CAE_1023_TV,AE,INE,2023-11-19,21:39:52,EXCEDENTE,"Televimex, S.A. de C.V.",TELEVISION CONCESIONADO,Canal 5,TDT,TELEVISIÓN
29,YUCATAN,146-VALLADOLID,CANAL32.2,XHVTT-TDT,XHVTT-TDT-CANAL32.2,RV00699-23,C1_SA_CONVOCATORIA SE-CAE_1023_TV,AE,INE,2023-11-19,22:49:50,EXCEDENTE,"Televimex, S.A. de C.V.",TELEVISION CONCESIONADO,Canal 5,TDT,TELEVISIÓN
30,YUCATAN,146-VALLADOLID,91.9,XHMET-FM,XHMET-FM-91.9,RA00953-23,PRE GOB YUC TRANSFORMACIÓN RB,PP,PAN,2023-11-19,23:16:14,EXCEDENTE,"Radio Valladolid, S.A. de C.V.",RADIO CONCESIONADO,"Xeme, La Poderosa de Oriente",FM  ,RADIO
31,YUCATAN,146-VALLADOLID,CANAL32.2,XHVTT-TDT,XHVTT-TDT-CANAL32.2,RV00112-23,PT ES LA 4T,PP,PT,2023-11-19,23:46:20,EXCEDENTE,"Televimex, S.A. de C.V.",TELEVISION CONCESIONADO,Canal 5,TDT,TELEVISIÓN
32,YUCATAN,146-VALLADOLID,CANAL32,XHVTT-TDT,XHVTT-TDT-CANAL32,RV00112-23,PT ES LA 4T,PP,PT,2023-11-19,23:55:05,EXCEDENTE,"Televimex, S.A. de C.V.",TELEVISION CONCESIONADO,Las Estrellas,TDT,TELEVISIÓN
33,YUCATAN,146-VALLADOLID,CANAL32,XHVTT-TDT,XHVTT-TDT-CANAL32,RV00737-23,DAMOS RESULTADOS V1,PP,PRI,2023-11-20,06:13:39,EXCEDENTE,"Televimex, S.A. de C.V.",TELEVISION CONCESIONADO,Las Estrellas,TDT,TELEVISIÓN
34,YUCATAN,146-VALLADOLID,CANAL32.2,XHVTT-TDT,XHVTT-TDT-CANAL32.2,RV00737-23,DAMOS RESULTADOS V1,PP,PRI,2023-11-20,06:17:04,EXCEDENTE,"Televimex, S.A. de C.V.",TELEVISION CONCESIONADO,Canal 5,TDT,TELEVISIÓN
35,YUCATAN,146-VALLADOLID,CANAL32,XHVTT-TDT,XHVTT-TDT-CANAL32,RV00135-23,CATALOGO2023_MAYA_V2,AE,IEPAC,2023-11-20,07:16:28,EXCEDENTE,"Televimex, S.A. de C.V.",TELEVISION CONCESIONADO,Las Estrellas,TDT,TELEVISIÓN
36,YUCATAN,146-VALLADOLID,CANAL32,XHVTT-TDT,XHVTT-TDT-CANAL32,RV00136-23,CATALOGO2023_ESPAÑOL_V2,AE,IEPAC,2023-11-20,07:16:58,EXCEDENTE,"Televimex, S.A. de C.V.",TELEVISION CONCESIONADO,Las Estrellas,TDT,TELEVISIÓN
37,YUCATAN,146-VALLADOLID,CANAL32.2,XHVTT-TDT,XHVTT-TDT-CANAL32.2,RV00135-23,CATALOGO2023_MAYA_V2,AE,IEPAC,2023-11-20,07:18:28,EXCEDENTE,"Televimex, S.A. de C.V.",TELEVISION CONCESIONADO,Canal 5,TDT,TELEVISIÓN
38,YUCATAN,146-VALLADOLID,CANAL32.2,XHVTT-TDT,XHVTT-TDT-CANAL32.2,RV00136-23,CATALOGO2023_ESPAÑOL_V2,AE,IEPAC,2023-11-20,07:18:58,EXCEDENTE,"Televimex, S.A. de C.V.",TELEVISION CONCESIONADO,Canal 5,TDT,TELEVISIÓN
39,YUCATAN,146-VALLADOLID,CANAL32.2,XHVTT-TDT,XHVTT-TDT-CANAL32.2,RV00699-23,C1_SA_CONVOCATORIA SE-CAE_1023_TV,AE,INE,2023-11-20,08:13:32,EXCEDENTE,"Televimex, S.A. de C.V.",TELEVISION CONCESIONADO,Canal 5,TDT,TELEVISIÓN
40,YUCATAN,146-VALLADOLID,CANAL32.2,XHVTT-TDT,XHVTT-TDT-CANAL32.2,RV00135-23,CATALOGO2023_MAYA_V2,AE,IEPAC,2023-11-20,08:15:32,EXCEDENTE,"Televimex, S.A. de C.V.",TELEVISION CONCESIONADO,Canal 5,TDT,TELEVISIÓN
41,YUCATAN,146-VALLADOLID,CANAL32.2,XHVTT-TDT,XHVTT-TDT-CANAL32.2,RV00656-23,C4_SD_FECHA LÍMITE INSCRIPCIÓN AL PADRÓN ELECTORAL RE_0923_TV,AE,INE,2023-11-20,08:16:04,EXCEDENTE,"Televimex, S.A. de C.V.",TELEVISION CONCESIONADO,Canal 5,TDT,TELEVISIÓN
42,YUCATAN,146-VALLADOLID,CANAL32,XHVTT-TDT,XHVTT-TDT-CANAL32,RV00699-23,C1_SA_CONVOCATORIA SE-CAE_1023_TV,AE,INE,2023-11-20,08:44:50,EXCEDENTE,"Televimex, S.A. de C.V.",TELEVISION CONCESIONADO,Las Estrellas,TDT,TELEVISIÓN
43,YUCATAN,146-VALLADOLID,CANAL32,XHVTT-TDT,XHVTT-TDT-CANAL32,RV00135-23,CATALOGO2023_MAYA_V2,AE,IEPAC,2023-11-20,08:46:48,EXCEDENTE,"Televimex, S.A. de C.V.",TELEVISION CONCESIONADO,Las Estrellas,TDT,TELEVISIÓN
44,YUCATAN,146-VALLADOLID,CANAL32,XHVTT-TDT,XHVTT-TDT-CANAL32,RV00656-23,C4_SD_FECHA LÍMITE INSCRIPCIÓN AL PADRÓN ELECTORAL RE_0923_TV,AE,INE,2023-11-20,08:47:20,EXCEDENTE,"Televimex, S.A. de C.V.",TELEVISION CONCESIONADO,Las Estrellas,TDT,TELEVISIÓN
45,YUCATAN,146-VALLADOLID,CANAL32.2,XHVTT-TDT,XHVTT-TDT-CANAL32.2,RV00135-23,CATALOGO2023_MAYA_V2,AE,IEPAC,2023-11-20,10:16:40,EXCEDENTE,"Televimex, S.A. de C.V.",TELEVISION CONCESIONADO,Canal 5,TDT,TELEVISIÓN
46,YUCATAN,146-VALLADOLID,CANAL32,XHVTT-TDT,XHVTT-TDT-CANAL32,RV00135-23,CATALOGO2023_MAYA_V2,AE,IEPAC,2023-11-20,10:38:56,EXCEDENTE,"Televimex, S.A. de C.V.",TELEVISION CONCESIONADO,Las Estrellas,TDT,TELEVISIÓN
47,YUCATAN,146-VALLADOLID,CANAL32.2,XHVTT-TDT,XHVTT-TDT-CANAL32.2,RV00775-23,PARA CAMBIR EL RUMBO MIX,PP,PAN,2023-11-20,11:11:46,EXCEDENTE,"Televimex, S.A. de C.V.",TELEVISION CONCESIONADO,Canal 5,TDT,TELEVISIÓN
48,YUCATAN,146-VALLADOLID,CANAL32,XHVTT-TDT,XHVTT-TDT-CANAL32,RV00775-23,PARA CAMBIR EL RUMBO MIX,PP,PAN,2023-11-20,11:43:14,EXCEDENTE,"Televimex, S.A. de C.V.",TELEVISION CONCESIONADO,Las Estrellas,TDT,TELEVISIÓN
49,YUCATAN,146-VALLADOLID,CANAL32.2,XHVTT-TDT,XHVTT-TDT-CANAL32.2,RV00135-23,CATALOGO2023_MAYA_V2,AE,IEPAC,2023-11-20,12:05:01,EXCEDENTE,"Televimex, S.A. de C.V.",TELEVISION CONCESIONADO,Canal 5,TDT,TELEVISIÓN
50,YUCATAN,146-VALLADOLID,CANAL32.2,XHVTT-TDT,XHVTT-TDT-CANAL32.2,RV00775-23,PARA CAMBIR EL RUMBO MIX,PP,PAN,2023-11-20,12:06:32,EXCEDENTE,"Televimex, S.A. de C.V.",TELEVISION CONCESIONADO,Canal 5,TDT,TELEVISIÓN
51,YUCATAN,146-VALLADOLID,CANAL32,XHVTT-TDT,XHVTT-TDT-CANAL32,RV00135-23,CATALOGO2023_MAYA_V2,AE,IEPAC,2023-11-20,12:18:18,EXCEDENTE,"Televimex, S.A. de C.V.",TELEVISION CONCESIONADO,Las Estrellas,TDT,TELEVISIÓN
52,YUCATAN,146-VALLADOLID,CANAL32,XHVTT-TDT,XHVTT-TDT-CANAL32,RV00775-23,PARA CAMBIR EL RUMBO MIX,PP,PAN,2023-11-20,12:19:48,EXCEDENTE,"Televimex, S.A. de C.V.",TELEVISION CONCESIONADO,Las Estrellas,TDT,TELEVISIÓN
53,YUCATAN,146-VALLADOLID,CANAL32.2,XHVTT-TDT,XHVTT-TDT-CANAL32.2,RV00775-23,PARA CAMBIR EL RUMBO MIX,PP,PAN,2023-11-20,13:12:00,EXCEDENTE,"Televimex, S.A. de C.V.",TELEVISION CONCESIONADO,Canal 5,TDT,TELEVISIÓN
54,YUCATAN,146-VALLADOLID,CANAL32,XHVTT-TDT,XHVTT-TDT-CANAL32,RV00775-23,PARA CAMBIR EL RUMBO MIX,PP,PAN,2023-11-20,13:15:45,EXCEDENTE,"Televimex, S.A. de C.V.",TELEVISION CONCESIONADO,Las Estrellas,TDT,TELEVISIÓN
55,YUCATAN,146-VALLADOLID,CANAL32,XHVTT-TDT,XHVTT-TDT-CANAL32,RV00737-23,DAMOS RESULTADOS V1,PP,PRI,2023-11-20,15:11:31,EXCEDENTE,"Televimex, S.A. de C.V.",TELEVISION CONCESIONADO,Las Estrellas,TDT,TELEVISIÓN
56,YUCATAN,146-VALLADOLID,CANAL32.2,XHVTT-TDT,XHVTT-TDT-CANAL32.2,RV00737-23,DAMOS RESULTADOS V1,PP,PRI,2023-11-20,15:14:02,EXCEDENTE,"Televimex, S.A. de C.V.",TELEVISION CONCESIONADO,Canal 5,TDT,TELEVISIÓN
57,YUCATAN,146-VALLADOLID,CANAL32,XHVTT-TDT,XHVTT-TDT-CANAL32,RV00136-23,CATALOGO2023_ESPAÑOL_V2,AE,IEPAC,2023-11-20,17:16:36,EXCEDENTE,"Televimex, S.A. de C.V.",TELEVISION CONCESIONADO,Las Estrellas,TDT,TELEVISIÓN
58,YUCATAN,146-VALLADOLID,CANAL32.2,XHVTT-TDT,XHVTT-TDT-CANAL32.2,RV00136-23,CATALOGO2023_ESPAÑOL_V2,AE,IEPAC,2023-11-20,17:36:09,EXCEDENTE,"Televimex, S.A. de C.V.",TELEVISION CONCESIONADO,Canal 5,TDT,TELEVISIÓN
59,YUCATAN,146-VALLADOLID,CANAL32,XHVTT-TDT,XHVTT-TDT-CANAL32,RV00135-23,CATALOGO2023_MAYA_V2,AE,IEPAC,2023-11-20,18:19:28,EXCEDENTE,"Televimex, S.A. de C.V.",TELEVISION CONCESIONADO,Las Estrellas,TDT,TELEVISIÓN
60,YUCATAN,146-VALLADOLID,CANAL27,XHTMYU-TDT,XHTMYU-TDT-CANAL27,RV00837-23,CO_LINEAMIENTOS PERSONAS FUNCIONARIAS PÚBLICAS_1023_TV,AE,INE,2023-11-20,18:27:37,EXCEDENTE,"Telsusa Televisión México, S.A. de C.V.",TELEVISION CONCESIONADO,Canal 13,TDT,TELEVISIÓN
61,YUCATAN,146-VALLADOLID,CANAL32.2,XHVTT-TDT,XHVTT-TDT-CANAL32.2,RV00135-23,CATALOGO2023_MAYA_V2,AE,IEPAC,2023-11-20,18:51:54,EXCEDENTE,"Televimex, S.A. de C.V.",TELEVISION CONCESIONADO,Canal 5,TDT,TELEVISIÓN
62,YUCATAN,146-VALLADOLID,CANAL32,XHVTT-TDT,XHVTT-TDT-CANAL32,RV00775-23,PARA CAMBIR EL RUMBO MIX,PP,PAN,2023-11-20,19:16:29,EXCEDENTE,"Televimex, S.A. de C.V.",TELEVISION CONCESIONADO,Las Estrellas,TDT,TELEVISIÓN
63,YUCATAN,146-VALLADOLID,CANAL32.2,XHVTT-TDT,XHVTT-TDT-CANAL32.2,RV00775-23,PARA CAMBIR EL RUMBO MIX,PP,PAN,2023-11-20,19:46:31,EXCEDENTE,"Televimex, S.A. de C.V.",TELEVISION CONCESIONADO,Canal 5,TDT,TELEVISIÓN
64,YUCATAN,146-VALLADOLID,CANAL32,XHVTT-TDT,XHVTT-TDT-CANAL32,RV00775-23,PARA CAMBIR EL RUMBO MIX,PP,PAN,2023-11-20,20:14:06,EXCEDENTE,"Televimex, S.A. de C.V.",TELEVISION CONCESIONADO,Las Estrellas,TDT,TELEVISIÓN
65,YUCATAN,146-VALLADOLID,CANAL32.2,XHVTT-TDT,XHVTT-TDT-CANAL32.2,RV00775-23,PARA CAMBIR EL RUMBO MIX,PP,PAN,2023-11-20,20:27:05,EXCEDENTE,"Televimex, S.A. de C.V.",TELEVISION CONCESIONADO,Canal 5,TDT,TELEVISIÓN
66,YUCATAN,146-VALLADOLID,CANAL32,XHVTT-TDT,XHVTT-TDT-CANAL32,RV00135-23,CATALOGO2023_MAYA_V2,AE,IEPAC,2023-11-20,21:15:18,EXCEDENTE,"Televimex, S.A. de C.V.",TELEVISION CONCESIONADO,Las Estrellas,TDT,TELEVISIÓN
67,YUCATAN,146-VALLADOLID,CANAL32.2,XHVTT-TDT,XHVTT-TDT-CANAL32.2,RV00135-23,CATALOGO2023_MAYA_V2,AE,IEPAC,2023-11-20,21:47:30,EXCEDENTE,"Televimex, S.A. de C.V.",TELEVISION CONCESIONADO,Canal 5,TDT,TELEVISIÓN
68,YUCATAN,146-VALLADOLID,CANAL32.2,XHVTT-TDT,XHVTT-TDT-CANAL32.2,RV00699-23,C1_SA_CONVOCATORIA SE-CAE_1023_TV,AE,INE,2023-11-20,22:19:46,EXCEDENTE,"Televimex, S.A. de C.V.",TELEVISION CONCESIONADO,Canal 5,TDT,TELEVISIÓN
69,YUCATAN,146-VALLADOLID,CANAL32.2,XHVTT-TDT,XHVTT-TDT-CANAL32.2,RV00136-23,CATALOGO2023_ESPAÑOL_V2,AE,IEPAC,2023-11-20,22:20:16,EXCEDENTE,"Televimex, S.A. de C.V.",TELEVISION CONCESIONADO,Canal 5,TDT,TELEVISIÓN
70,YUCATAN,146-VALLADOLID,CANAL32,XHVTT-TDT,XHVTT-TDT-CANAL32,RV00699-23,C1_SA_CONVOCATORIA SE-CAE_1023_TV,AE,INE,2023-11-20,22:20:48,EXCEDENTE,"Televimex, S.A. de C.V.",TELEVISION CONCESIONADO,Las Estrellas,TDT,TELEVISIÓN
71,YUCATAN,146-VALLADOLID,CANAL32,XHVTT-TDT,XHVTT-TDT-CANAL32,RV00136-23,CATALOGO2023_ESPAÑOL_V2,AE,IEPAC,2023-11-20,22:21:18,EXCEDENTE,"Televimex, S.A. de C.V.",TELEVISION CONCESIONADO,Las Estrellas,TDT,TELEVISIÓN
72,YUCATAN,146-VALLADOLID,CANAL32,XHVTT-TDT,XHVTT-TDT-CANAL32,RV00135-23,CATALOGO2023_MAYA_V2,AE,IEPAC,2023-11-21,06:09:44,EXCEDENTE,"Televimex, S.A. de C.V.",TELEVISION CONCESIONADO,Las Estrellas,TDT,TELEVISIÓN
73,YUCATAN,146-VALLADOLID,CANAL32.2,XHVTT-TDT,XHVTT-TDT-CANAL32.2,RV00135-23,CATALOGO2023_MAYA_V2,AE,IEPAC,2023-11-21,06:16:50,EXCEDENTE,"Televimex, S.A. de C.V.",TELEVISION CONCESIONADO,Canal 5,TDT,TELEVISIÓN
74,YUCATAN,146-VALLADOLID,CANAL32,XHVTT-TDT,XHVTT-TDT-CANAL32,RV00775-23,PARA CAMBIR EL RUMBO MIX,PP,PAN,2023-11-21,07:17:06,EXCEDENTE,"Televimex, S.A. de C.V.",TELEVISION CONCESIONADO,Las Estrellas,TDT,TELEVISIÓN
75,YUCATAN,146-VALLADOLID,CANAL32.2,XHVTT-TDT,XHVTT-TDT-CANAL32.2,RV00775-23,PARA CAMBIR EL RUMBO MIX,PP,PAN,2023-11-21,07:17:46,EXCEDENTE,"Televimex, S.A. de C.V.",TELEVISION CONCESIONADO,Canal 5,TDT,TELEVISIÓN
76,YUCATAN,146-VALLADOLID,CANAL32.2,XHVTT-TDT,XHVTT-TDT-CANAL32.2,RV00135-23,CATALOGO2023_MAYA_V2,AE,IEPAC,2023-11-21,08:13:22,EXCEDENTE,"Televimex, S.A. de C.V.",TELEVISION CONCESIONADO,Canal 5,TDT,TELEVISIÓN
77,YUCATAN,146-VALLADOLID,CANAL32.2,XHVTT-TDT,XHVTT-TDT-CANAL32.2,RV00136-23,CATALOGO2023_ESPAÑOL_V2,AE,IEPAC,2023-11-21,08:15:52,EXCEDENTE,"Televimex, S.A. de C.V.",TELEVISION CONCESIONADO,Canal 5,TDT,TELEVISIÓN
78,YUCATAN,146-VALLADOLID,CANAL32,XHVTT-TDT,XHVTT-TDT-CANAL32,RV00135-23,CATALOGO2023_MAYA_V2,AE,IEPAC,2023-11-21,08:46:08,EXCEDENTE,"Televimex, S.A. de C.V.",TELEVISION CONCESIONADO,Las Estrellas,TDT,TELEVISIÓN
79,YUCATAN,146-VALLADOLID,CANAL32,XHVTT-TDT,XHVTT-TDT-CANAL32,RV00749-23,CO_DISTRITACIÓN 2021-2023_1023_TV,AE,INE,2023-11-21,08:48:09,EXCEDENTE,"Televimex, S.A. de C.V.",TELEVISION CONCESIONADO,Las Estrellas,TDT,TELEVISIÓN
80,YUCATAN,146-VALLADOLID,CANAL32,XHVTT-TDT,XHVTT-TDT-CANAL32,RV00136-23,CATALOGO2023_ESPAÑOL_V2,AE,IEPAC,2023-11-21,08:48:40,EXCEDENTE,"Televimex, S.A. de C.V.",TELEVISION CONCESIONADO,Las Estrellas,TDT,TELEVISIÓN
81,YUCATAN,146-VALLADOLID,CANAL32.2,XHVTT-TDT,XHVTT-TDT-CANAL32.2,RV00775-23,PARA CAMBIR EL RUMBO MIX,PP,PAN,2023-11-21,09:03:30,EXCEDENTE,"Televimex, S.A. de C.V.",TELEVISION CONCESIONADO,Canal 5,TDT,TELEVISIÓN
82,YUCATAN,146-VALLADOLID,CANAL32,XHVTT-TDT,XHVTT-TDT-CANAL32,RV00775-23,PARA CAMBIR EL RUMBO MIX,PP,PAN,2023-11-21,09:20:58,EXCEDENTE,"Televimex, S.A. de C.V.",TELEVISION CONCESIONADO,Las Estrellas,TDT,TELEVISIÓN
83,YUCATAN,146-VALLADOLID,CANAL32.2,XHVTT-TDT,XHVTT-TDT-CANAL32.2,RV00136-23,CATALOGO2023_ESPAÑOL_V2,AE,IEPAC,2023-11-21,10:16:34,EXCEDENTE,"Televimex, S.A. de C.V.",TELEVISION CONCESIONADO,Canal 5,TDT,TELEVISIÓN
84,YUCATAN,146-VALLADOLID,CANAL32,XHVTT-TDT,XHVTT-TDT-CANAL32,RV00136-23,CATALOGO2023_ESPAÑOL_V2,AE,IEPAC,2023-11-21,10:32:42,EXCEDENTE,"Televimex, S.A. de C.V.",TELEVISION CONCESIONADO,Las Estrellas,TDT,TELEVISIÓN
85,YUCATAN,146-VALLADOLID,CANAL32.2,XHVTT-TDT,XHVTT-TDT-CANAL32.2,RV00775-23,PARA CAMBIR EL RUMBO MIX,PP,PAN,2023-11-21,13:12:57,EXCEDENTE,"Televimex, S.A. de C.V.",TELEVISION CONCESIONADO,Canal 5,TDT,TELEVISIÓN
86,YUCATAN,146-VALLADOLID,CANAL32,XHVTT-TDT,XHVTT-TDT-CANAL32,RV00775-23,PARA CAMBIR EL RUMBO MIX,PP,PAN,2023-11-21,13:14:28,EXCEDENTE,"Televimex, S.A. de C.V.",TELEVISION CONCESIONADO,Las Estrellas,TDT,TELEVISIÓN
87,YUCATAN,146-VALLADOLID,CANAL32.2,XHVTT-TDT,XHVTT-TDT-CANAL32.2,RV00737-23,DAMOS RESULTADOS V1,PP,PRI,2023-11-21,14:14:52,EXCEDENTE,"Televimex, S.A. de C.V.",TELEVISION CONCESIONADO,Canal 5,TDT,TELEVISIÓN
88,YUCATAN,146-VALLADOLID,CANAL32,XHVTT-TDT,XHVTT-TDT-CANAL32,RV00737-23,DAMOS RESULTADOS V1,PP,PRI,2023-11-21,14:18:15,EXCEDENTE,"Televimex, S.A. de C.V.",TELEVISION CONCESIONADO,Las Estrellas,TDT,TELEVISIÓN
89,YUCATAN,146-VALLADOLID,CANAL32.2,XHVTT-TDT,XHVTT-TDT-CANAL32.2,RV00775-23,PARA CAMBIR EL RUMBO MIX,PP,PAN,2023-11-21,15:08:02,EXCEDENTE,"Televimex, S.A. de C.V.",TELEVISION CONCESIONADO,Canal 5,TDT,TELEVISIÓN
90,YUCATAN,146-VALLADOLID,CANAL32.2,XHVTT-TDT,XHVTT-TDT-CANAL32.2,RV00775-23,PARA CAMBIR EL RUMBO MIX,PP,PAN,2023-11-21,15:09:02,EXCEDENTE,"Televimex, S.A. de C.V.",TELEVISION CONCESIONADO,Canal 5,TDT,TELEVISIÓN
91,YUCATAN,146-VALLADOLID,CANAL32,XHVTT-TDT,XHVTT-TDT-CANAL32,RV00775-23,PARA CAMBIR EL RUMBO MIX,PP,PAN,2023-11-21,15:11:05,EXCEDENTE,"Televimex, S.A. de C.V.",TELEVISION CONCESIONADO,Las Estrellas,TDT,TELEVISIÓN
92,YUCATAN,146-VALLADOLID,CANAL32,XHVTT-TDT,XHVTT-TDT-CANAL32,RV00775-23,PARA CAMBIR EL RUMBO MIX,PP,PAN,2023-11-21,16:07:14,EXCEDENTE,"Televimex, S.A. de C.V.",TELEVISION CONCESIONADO,Las Estrellas,TDT,TELEVISIÓN
93,YUCATAN,146-VALLADOLID,CANAL32.2,XHVTT-TDT,XHVTT-TDT-CANAL32.2,RV00775-23,PARA CAMBIR EL RUMBO MIX,PP,PAN,2023-11-21,16:16:22,EXCEDENTE,"Televimex, S.A. de C.V.",TELEVISION CONCESIONADO,Canal 5,TDT,TELEVISIÓN
94,YUCATAN,146-VALLADOLID,CANAL32.2,XHVTT-TDT,XHVTT-TDT-CANAL32.2,RV00136-23,CATALOGO2023_ESPAÑOL_V2,AE,IEPAC,2023-11-21,17:10:01,EXCEDENTE,"Televimex, S.A. de C.V.",TELEVISION CONCESIONADO,Canal 5,TDT,TELEVISIÓN
95,YUCATAN,146-VALLADOLID,CANAL32,XHVTT-TDT,XHVTT-TDT-CANAL32,RV00136-23,CATALOGO2023_ESPAÑOL_V2,AE,IEPAC,2023-11-21,17:21:12,EXCEDENTE,"Televimex, S.A. de C.V.",TELEVISION CONCESIONADO,Las Estrellas,TDT,TELEVISIÓN
96,YUCATAN,146-VALLADOLID,CANAL32.2,XHVTT-TDT,XHVTT-TDT-CANAL32.2,RV00135-23,CATALOGO2023_MAYA_V2,AE,IEPAC,2023-11-21,18:19:44,EXCEDENTE,"Televimex, S.A. de C.V.",TELEVISION CONCESIONADO,Canal 5,TDT,TELEVISIÓN
97,YUCATAN,146-VALLADOLID,CANAL32,XHVTT-TDT,XHVTT-TDT-CANAL32,RV00135-23,CATALOGO2023_MAYA_V2,AE,IEPAC,2023-11-21,18:20:46,EXCEDENTE,"Televimex, S.A. de C.V.",TELEVISION CONCESIONADO,Las Estrellas,TDT,TELEVISIÓN
98,YUCATAN,146-VALLADOLID,CANAL32,XHVTT-TDT,XHVTT-TDT-CANAL32,RV00775-23,PARA CAMBIR EL RUMBO MIX,PP,PAN,2023-11-21,20:17:02,EXCEDENTE,"Televimex, S.A. de C.V.",TELEVISION CONCESIONADO,Las Estrellas,TDT,TELEVISIÓN
99,YUCATAN,146-VALLADOLID,CANAL32,XHVTT-TDT,XHVTT-TDT-CANAL32,RV00737-23,DAMOS RESULTADOS V1,PP,PRI,2023-11-21,20:19:32,EXCEDENTE,"Televimex, S.A. de C.V.",TELEVISION CONCESIONADO,Las Estrellas,TDT,TELEVISIÓN
100,YUCATAN,146-VALLADOLID,CANAL32.2,XHVTT-TDT,XHVTT-TDT-CANAL32.2,RV00775-23,PARA CAMBIR EL RUMBO MIX,PP,PAN,2023-11-21,20:20:50,EXCEDENTE,"Televimex, S.A. de C.V.",TELEVISION CONCESIONADO,Canal 5,TDT,TELEVISIÓN
101,YUCATAN,146-VALLADOLID,CANAL32.2,XHVTT-TDT,XHVTT-TDT-CANAL32.2,RV00737-23,DAMOS RESULTADOS V1,PP,PRI,2023-11-21,20:23:21,EXCEDENTE,"Televimex, S.A. de C.V.",TELEVISION CONCESIONADO,Canal 5,TDT,TELEVISIÓN
102,YUCATAN,146-VALLADOLID,CANAL32,XHVTT-TDT,XHVTT-TDT-CANAL32,RV00135-23,CATALOGO2023_MAYA_V2,AE,IEPAC,2023-11-21,21:13:58,EXCEDENTE,"Televimex, S.A. de C.V.",TELEVISION CONCESIONADO,Las Estrellas,TDT,TELEVISIÓN
103,YUCATAN,146-VALLADOLID,CANAL32.2,XHVTT-TDT,XHVTT-TDT-CANAL32.2,RV00135-23,CATALOGO2023_MAYA_V2,AE,IEPAC,2023-11-21,21:33:08,EXCEDENTE,"Televimex, S.A. de C.V.",TELEVISION CONCESIONADO,Canal 5,TDT,TELEVISIÓN
104,YUCATAN,146-VALLADOLID,CANAL32,XHVTT-TDT,XHVTT-TDT-CANAL32,RV00136-23,CATALOGO2023_ESPAÑOL_V2,AE,IEPAC,2023-11-21,22:21:06,EXCEDENTE,"Televimex, S.A. de C.V.",TELEVISION CONCESIONADO,Las Estrellas,TDT,TELEVISIÓN
105,YUCATAN,146-VALLADOLID,CANAL32.2,XHVTT-TDT,XHVTT-TDT-CANAL32.2,RV00136-23,CATALOGO2023_ESPAÑOL_V2,AE,IEPAC,2023-11-21,23:49:47,EXCEDENTE,"Televimex, S.A. de C.V.",TELEVISION CONCESIONADO,Canal 5,TDT,TELEVISIÓN
106,YUCATAN,146-VALLADOLID,CANAL32,XHVTT-TDT,XHVTT-TDT-CANAL32,RV00775-23,PARA CAMBIR EL RUMBO MIX,PP,PAN,2023-11-21,23:56:50,EXCEDENTE,"Televimex, S.A. de C.V.",TELEVISION CONCESIONADO,Las Estrellas,TDT,TELEVISIÓN
107,YUCATAN,146-VALLADOLID,CANAL32.2,XHVTT-TDT,XHVTT-TDT-CANAL32.2,RV00775-23,PARA CAMBIR EL RUMBO MIX,PP,PAN,2023-11-21,23:59:18,EXCEDENTE,"Televimex, S.A. de C.V.",TELEVISION CONCESIONADO,Canal 5,TDT,TELEVISIÓN
108,YUCATAN,147-MERIDA,CANAL23.2,XHSPRME-TDT,XHSPRME-TDT-CANAL23.2,RV00799-23,JUSTICIA MORENA,PP,MORENA,2023-11-05,07:14:41,EXCEDENTE,Sistema Público de Radiodifusión del Estado Mexicano,TELEVISION PERMISIONADO,Canal Once,TDT,TELEVISIÓN
109,YUCATAN,147-MERIDA,95.3,XHMH-FM,XHMH-FM-95.3,RA00917-23,PARA CAMBIAR EL RUMBO MIX,PP,PAN,2023-11-05,09:27:24,EXCEDENTE,"Radio Mérida, S.A.",RADIO CONCESIONADO,Candela,FM  ,RADIO
110,YUCATAN,147-MERIDA,CANAL23.2,XHSPRME-TDT,XHSPRME-TDT-CANAL23.2,RV00764-23,PRECAMPAÑA YUCATÁN,PP,MORENA,2023-11-05,11:20:56,EXCEDENTE,Sistema Público de Radiodifusión del Estado Mexicano,TELEVISION PERMISIONADO,Canal Once,TDT,TELEVISIÓN
111,YUCATAN,147-MERIDA,CANAL23.2,XHSPRME-TDT,XHSPRME-TDT-CANAL23.2,RV00764-23,PRECAMPAÑA YUCATÁN,PP,MORENA,2023-11-05,18:28:39,EXCEDENTE,Sistema Público de Radiodifusión del Estado Mexicano,TELEVISION PERMISIONADO,Canal Once,TDT,TELEVISIÓN
112,YUCATAN,147-MERIDA,CANAL23.2,XHSPRME-TDT,XHSPRME-TDT-CANAL23.2,RV00799-23,JUSTICIA MORENA,PP,MORENA,2023-11-05,22:13:47,EXCEDENTE,Sistema Público de Radiodifusión del Estado Mexicano,TELEVISION PERMISIONADO,Canal Once,TDT,TELEVISIÓN
113,YUCATAN,147-MERIDA,CANAL23.2,XHSPRME-TDT,XHSPRME-TDT-CANAL23.2,RV00799-23,JUSTICIA MORENA,PP,MORENA,2023-11-06,08:02:17,EXCEDENTE,Sistema Público de Radiodifusión del Estado Mexicano,TELEVISION PERMISIONADO,Canal Once,TDT,TELEVISIÓN
114,YUCATAN,147-MERIDA,CANAL23.2,XHSPRME-TDT,XHSPRME-TDT-CANAL23.2,RV00799-23,JUSTICIA MORENA,PP,MORENA,2023-11-06,18:40:11,EXCEDENTE,Sistema Público de Radiodifusión del Estado Mexicano,TELEVISION PERMISIONADO,Canal Once,TDT,TELEVISIÓN
115,YUCATAN,147-MERIDA,CANAL23.2,XHSPRME-TDT,XHSPRME-TDT-CANAL23.2,RV00764-23,PRECAMPAÑA YUCATÁN,PP,MORENA,2023-11-06,22:35:43,EXCEDENTE,Sistema Público de Radiodifusión del Estado Mexicano,TELEVISION PERMISIONADO,Canal Once,TDT,TELEVISIÓN
116,YUCATAN,147-MERIDA,CANAL23.2,XHSPRME-TDT,XHSPRME-TDT-CANAL23.2,RV00799-23,JUSTICIA MORENA,PP,MORENA,2023-11-07,08:32:16,EXCEDENTE,Sistema Público de Radiodifusión del Estado Mexicano,TELEVISION PERMISIONADO,Canal Once,TDT,TELEVISIÓN
117,YUCATAN,147-MERIDA,107.9,XHYRE-FM,XHYRE-FM-107.9,RA00255-23,VR-01-23-RA-FEPADECDMX,AE,FEPADECM,2023-11-07,11:33:37,EXCEDENTE,Secretaría de Cultura,RADIO PERMISIONADO,S/D,FM  ,RADIO
118,YUCATAN,147-MERIDA,107.9,XHYRE-FM,XHYRE-FM-107.9,RA00725-23,VOTO CHILANGO,AE,IECM,2023-11-07,11:34:37,EXCEDENTE,Secretaría de Cultura,RADIO PERMISIONADO,S/D,FM  ,RADIO
119,YUCATAN,147-MERIDA,107.9,XHYRE-FM,XHYRE-FM-107.9,RA00783-23,C4_SD_FECHA LÍMITE TRÁMITES REGISTRALES RE_0923_RD,AE,INE,2023-11-07,11:35:07,EXCEDENTE,Secretaría de Cultura,RADIO PERMISIONADO,S/D,FM  ,RADIO
120,YUCATAN,147-MERIDA,107.9,XHYRE-FM,XHYRE-FM-107.9,RA00903-23,PRECAMPAÑA YUCATÁN,PP,MORENA,2023-11-07,11:42:51,EXCEDENTE,Secretaría de Cultura,RADIO PERMISIONADO,S/D,FM  ,RADIO
121,YUCATAN,147-MERIDA,107.9,XHYRE-FM,XHYRE-FM-107.9,RA00917-23,PARA CAMBIAR EL RUMBO MIX,PP,PAN,2023-11-07,11:43:18,EXCEDENTE,Secretaría de Cultura,RADIO PERMISIONADO,S/D,FM  ,RADIO
122,YUCATAN,147-MERIDA,CANAL23.2,XHSPRME-TDT,XHSPRME-TDT-CANAL23.2,RV00764-23,PRECAMPAÑA YUCATÁN,PP,MORENA,2023-11-07,12:03:56,EXCEDENTE,Sistema Público de Radiodifusión del Estado Mexicano,TELEVISION PERMISIONADO,Canal Once,TDT,TELEVISIÓN
123,YUCATAN,147-MERIDA,CANAL23.2,XHSPRME-TDT,XHSPRME-TDT-CANAL23.2,RV00764-23,PRECAMPAÑA YUCATÁN,PP,MORENA,2023-11-07,19:31:56,EXCEDENTE,Sistema Público de Radiodifusión del Estado Mexicano,TELEVISION PERMISIONADO,Canal Once,TDT,TELEVISIÓN
124,YUCATAN,147-MERIDA,CANAL23.2,XHSPRME-TDT,XHSPRME-TDT-CANAL23.2,RV00799-23,JUSTICIA MORENA,PP,MORENA,2023-11-07,22:43:37,EXCEDENTE,Sistema Público de Radiodifusión del Estado Mexicano,TELEVISION PERMISIONADO,Canal Once,TDT,TELEVISIÓN
125,YUCATAN,147-MERIDA,105.1,XHZ-FM,XHZ-FM-105.1,RA00903-23,PRECAMPAÑA YUCATÁN,PP,MORENA,2023-11-07,23:55:06,EXCEDENTE,"Transmisora Regional Radio Fórmula, S.A. de C.V.",RADIO CONCESIONADO,Radio Fórmula,FM  ,RADIO
126,YUCATAN,147-MERIDA,105.1,XHZ-FM,XHZ-FM-105.1,RA00917-23,PARA CAMBIAR EL RUMBO MIX,PP,PAN,2023-11-07,23:55:33,EXCEDENTE,"Transmisora Regional Radio Fórmula, S.A. de C.V.",RADIO CONCESIONADO,Radio Fórmula,FM  ,RADIO
127,YUCATAN,147-MERIDA,105.1,XHZ-FM,XHZ-FM-105.1,RA00882-23,DAMOS RESULTADOS V2,PP,PRI,2023-11-07,23:56:07,EXCEDENTE,"Transmisora Regional Radio Fórmula, S.A. de C.V.",RADIO CONCESIONADO,Radio Fórmula,FM  ,RADIO
128,YUCATAN,147-MERIDA,CANAL23.2,XHSPRME-TDT,XHSPRME-TDT-CANAL23.2,RV00799-23,JUSTICIA MORENA,PP,MORENA,2023-11-08,09:27:23,EXCEDENTE,Sistema Público de Radiodifusión del Estado Mexicano,TELEVISION PERMISIONADO,Canal Once,TDT,TELEVISIÓN
129,YUCATAN,147-MERIDA,CANAL23.2,XHSPRME-TDT,XHSPRME-TDT-CANAL23.2,RV00799-23,JUSTICIA MORENA,PP,MORENA,2023-11-08,12:59:15,EXCEDENTE,Sistema Público de Radiodifusión del Estado Mexicano,TELEVISION PERMISIONADO,Canal Once,TDT,TELEVISIÓN
130,YUCATAN,147-MERIDA,105.1,XHZ-FM,XHZ-FM-105.1,RA00882-23,DAMOS RESULTADOS V2,PP,PRI,2023-11-08,23:54:22,EXCEDENTE,"Transmisora Regional Radio Fórmula, S.A. de C.V.",RADIO CONCESIONADO,Radio Fórmula,FM  ,RADIO
131,YUCATAN,147-MERIDA,105.1,XHZ-FM,XHZ-FM-105.1,RA00903-23,PRECAMPAÑA YUCATÁN,PP,MORENA,2023-11-08,23:55:00,EXCEDENTE,"Transmisora Regional Radio Fórmula, S.A. de C.V.",RADIO CONCESIONADO,Radio Fórmula,FM  ,RADIO
132,YUCATAN,147-MERIDA,105.1,XHZ-FM,XHZ-FM-105.1,RA00917-23,PARA CAMBIAR EL RUMBO MIX,PP,PAN,2023-11-08,23:55:26,EXCEDENTE,"Transmisora Regional Radio Fórmula, S.A. de C.V.",RADIO CONCESIONADO,Radio Fórmula,FM  ,RADIO
133,YUCATAN,147-MERIDA,CANAL23,XHSPRME-TDT,XHSPRME-TDT-CANAL23,RV00691-23,EL VERDE CON LOS PROGRAMAS SOCIALES ,PP,PVEM,2023-11-09,21:18:53,EXCEDENTE,Sistema Público de Radiodifusión del Estado Mexicano,TELEVISION PERMISIONADO,Canal Catorce,TDT,TELEVISIÓN
134,YUCATAN,147-MERIDA,105.1,XHZ-FM,XHZ-FM-105.1,RA00903-23,PRECAMPAÑA YUCATÁN,PP,MORENA,2023-11-09,23:56:39,EXCEDENTE,"Transmisora Regional Radio Fórmula, S.A. de C.V.",RADIO CONCESIONADO,Radio Fórmula,FM  ,RADIO
135,YUCATAN,147-MERIDA,105.1,XHZ-FM,XHZ-FM-105.1,RA00943-23,PROG SOC VERDE YUC ,PP,PVEM,2023-11-09,23:57:08,EXCEDENTE,"Transmisora Regional Radio Fórmula, S.A. de C.V.",RADIO CONCESIONADO,Radio Fórmula,FM  ,RADIO
136,YUCATAN,147-MERIDA,105.1,XHZ-FM,XHZ-FM-105.1,RA00903-23,PRECAMPAÑA YUCATÁN,PP,MORENA,2023-11-09,23:57:39,EXCEDENTE,"Transmisora Regional Radio Fórmula, S.A. de C.V.",RADIO CONCESIONADO,Radio Fórmula,FM  ,RADIO
137,YUCATAN,147-MERIDA,105.1,XHZ-FM,XHZ-FM-105.1,RA00917-23,PARA CAMBIAR EL RUMBO MIX,PP,PAN,2023-11-09,23:58:09,EXCEDENTE,"Transmisora Regional Radio Fórmula, S.A. de C.V.",RADIO CONCESIONADO,Radio Fórmula,FM  ,RADIO
138,YUCATAN,147-MERIDA,105.1,XHZ-FM,XHZ-FM-105.1,RA00883-23,DAMOS RESULTADOS V1,PP,PRI,2023-11-09,23:58:38,EXCEDENTE,"Transmisora Regional Radio Fórmula, S.A. de C.V.",RADIO CONCESIONADO,Radio Fórmula,FM  ,RADIO
139,YUCATAN,147-MERIDA,105.1,XHZ-FM,XHZ-FM-105.1,RA00903-23,PRECAMPAÑA YUCATÁN,PP,MORENA,2023-11-09,23:59:09,EXCEDENTE,"Transmisora Regional Radio Fórmula, S.A. de C.V.",RADIO CONCESIONADO,Radio Fórmula,FM  ,RADIO
140,YUCATAN,147-MERIDA,107.9,XHYRE-FM,XHYRE-FM-107.9,RA00860-23,DANTE GRANDEZA,PP,MC,2023-11-10,10:42:20,EXCEDENTE,Secretaría de Cultura,RADIO PERMISIONADO,S/D,FM  ,RADIO
141,YUCATAN,147-MERIDA,107.9,XHYRE-FM,XHYRE-FM-107.9,RA00779-23,C4_SD_FECHA LÍMITE CAMBIO DE DOMICILIO RE_0923_RD,AE,INE,2023-11-10,10:42:33,EXCEDENTE,Secretaría de Cultura,RADIO PERMISIONADO,S/D,FM  ,RADIO
142,YUCATAN,147-MERIDA,107.9,XHYRE-FM,XHYRE-FM-107.9,RA00141-23,CATÁLOGO 2023_RADIO_ESPAÑOL,AE,IEPAC,2023-11-10,10:43:06,EXCEDENTE,Secretaría de Cultura,RADIO PERMISIONADO,S/D,FM  ,RADIO
143,YUCATAN,147-MERIDA,107.9,XHYRE-FM,XHYRE-FM-107.9,RA00142-23,CATÁLOGO 2023_RADIO_MAYA,AE,IEPAC,2023-11-10,10:43:34,EXCEDENTE,Secretaría de Cultura,RADIO PERMISIONADO,S/D,FM  ,RADIO
144,YUCATAN,147-MERIDA,107.9,XHYRE-FM,XHYRE-FM-107.9,RA03168-15,MAYA,AE,TEEY,2023-11-10,10:44:03,EXCEDENTE,Secretaría de Cultura,RADIO PERMISIONADO,S/D,FM  ,RADIO
145,YUCATAN,147-MERIDA,105.1,XHZ-FM,XHZ-FM-105.1,RA00820-23,C1_SA_CONVOCATORIA SE-CAE_1023_RD,AE,INE,2023-11-10,17:59:34,EXCEDENTE,"Transmisora Regional Radio Fórmula, S.A. de C.V.",RADIO CONCESIONADO,Radio Fórmula,FM  ,RADIO
146,YUCATAN,147-MERIDA,105.1,XHZ-FM,XHZ-FM-105.1,RA00782-23,C1_SA_REGISTRO EN LA LNERE VMRE RE_0923_RD,AE,INE,2023-11-10,18:00:26,EXCEDENTE,"Transmisora Regional Radio Fórmula, S.A. de C.V.",RADIO CONCESIONADO,Radio Fórmula,FM  ,RADIO
147,YUCATAN,147-MERIDA,101.5,XHYK-FM,XHYK-FM-101.5,RA00820-23,C1_SA_CONVOCATORIA SE-CAE_1023_RD,AE,INE,2023-11-12,06:39:44,EXCEDENTE,"Estudios Multimedia del Mayab, S.A. de C.V.",RADIO CONCESIONADO,Canal 710 / Radio Mexicana,FM  ,RADIO
148,YUCATAN,147-MERIDA,101.5,XHYK-FM,XHYK-FM-101.5,RA00128-23,EL PT ES LA 4T,PP,PT,2023-11-12,06:40:00,EXCEDENTE,"Estudios Multimedia del Mayab, S.A. de C.V.",RADIO CONCESIONADO,Canal 710 / Radio Mexicana,FM  ,RADIO
149,YUCATAN,147-MERIDA,101.5,XHYK-FM,XHYK-FM-101.5,RA00820-23,C1_SA_CONVOCATORIA SE-CAE_1023_RD,AE,INE,2023-11-12,06:40:28,EXCEDENTE,"Estudios Multimedia del Mayab, S.A. de C.V.",RADIO CONCESIONADO,Canal 710 / Radio Mexicana,FM  ,RADIO
150,YUCATAN,147-MERIDA,101.5,XHYK-FM,XHYK-FM-101.5,RA00943-23,PROG SOC VERDE YUC ,PP,PVEM,2023-11-12,07:42:12,EXCEDENTE,"Estudios Multimedia del Mayab, S.A. de C.V.",RADIO CONCESIONADO,Canal 710 / Radio Mexicana,FM  ,RADIO
151,YUCATAN,147-MERIDA,101.5,XHYK-FM,XHYK-FM-101.5,RA00883-23,DAMOS RESULTADOS V1,PP,PRI,2023-11-12,07:42:44,EXCEDENTE,"Estudios Multimedia del Mayab, S.A. de C.V.",RADIO CONCESIONADO,Canal 710 / Radio Mexicana,FM  ,RADIO
152,YUCATAN,147-MERIDA,101.5,XHYK-FM,XHYK-FM-101.5,RA00903-23,PRECAMPAÑA YUCATÁN,PP,MORENA,2023-11-12,07:43:24,EXCEDENTE,"Estudios Multimedia del Mayab, S.A. de C.V.",RADIO CONCESIONADO,Canal 710 / Radio Mexicana,FM  ,RADIO
153,YUCATAN,147-MERIDA,101.5,XHYK-FM,XHYK-FM-101.5,RA00903-23,PRECAMPAÑA YUCATÁN,PP,MORENA,2023-11-12,08:38:56,EXCEDENTE,"Estudios Multimedia del Mayab, S.A. de C.V.",RADIO CONCESIONADO,Canal 710 / Radio Mexicana,FM  ,RADIO
154,YUCATAN,147-MERIDA,101.5,XHYK-FM,XHYK-FM-101.5,RA03167-15,ESPAÑOL,AE,TEEY,2023-11-12,08:39:27,EXCEDENTE,"Estudios Multimedia del Mayab, S.A. de C.V.",RADIO CONCESIONADO,Canal 710 / Radio Mexicana,FM  ,RADIO
155,YUCATAN,147-MERIDA,101.5,XHYK-FM,XHYK-FM-101.5,RA00820-23,C1_SA_CONVOCATORIA SE-CAE_1023_RD,AE,INE,2023-11-12,08:40:00,EXCEDENTE,"Estudios Multimedia del Mayab, S.A. de C.V.",RADIO CONCESIONADO,Canal 710 / Radio Mexicana,FM  ,RADIO
156,YUCATAN,147-MERIDA,101.5,XHYK-FM,XHYK-FM-101.5,RA00820-23,C1_SA_CONVOCATORIA SE-CAE_1023_RD,AE,INE,2023-11-12,09:42:04,EXCEDENTE,"Estudios Multimedia del Mayab, S.A. de C.V.",RADIO CONCESIONADO,Canal 710 / Radio Mexicana,FM  ,RADIO
157,YUCATAN,147-MERIDA,101.5,XHYK-FM,XHYK-FM-101.5,RA00882-23,DAMOS RESULTADOS V2,PP,PRI,2023-11-12,09:42:40,EXCEDENTE,"Estudios Multimedia del Mayab, S.A. de C.V.",RADIO CONCESIONADO,Canal 710 / Radio Mexicana,FM  ,RADIO
158,YUCATAN,147-MERIDA,96.9,XHUL-FM,XHUL-FM-96.9,RA00882-23,DAMOS RESULTADOS V2,PP,PRI,2023-11-12,18:31:36,EXCEDENTE,"Radio Progreso de Yucatán, S.A. de C.V.",RADIO CONCESIONADO,El Heraldo Radio,FM  ,RADIO
159,YUCATAN,147-MERIDA,105.9,XHFCY-FM,XHFCY-FM-105.9,RA00903-23,PRECAMPAÑA YUCATÁN,PP,MORENA,2023-11-13,09:48:44,EXCEDENTE,"La Voz en Yucatán del Radio, S.A. de C.V.",RADIO CONCESIONADO,Súper Stereo FM,FM  ,RADIO
160,YUCATAN,147-MERIDA,105.9,XHFCY-FM,XHFCY-FM-105.9,RA00779-23,C4_SD_FECHA LÍMITE CAMBIO DE DOMICILIO RE_0923_RD,AE,INE,2023-11-13,10:11:46,EXCEDENTE,"La Voz en Yucatán del Radio, S.A. de C.V.",RADIO CONCESIONADO,Súper Stereo FM,FM  ,RADIO
161,YUCATAN,147-MERIDA,105.1,XHZ-FM,XHZ-FM-105.1,RA00883-23,DAMOS RESULTADOS V1,PP,PRI,2023-11-13,23:55:04,EXCEDENTE,"Transmisora Regional Radio Fórmula, S.A. de C.V.",RADIO CONCESIONADO,Radio Fórmula,FM  ,RADIO
162,YUCATAN,147-MERIDA,105.1,XHZ-FM,XHZ-FM-105.1,RA00954-23,PRE GOB YUC MANIFIESTO RB ,PP,PAN,2023-11-13,23:55:28,EXCEDENTE,"Transmisora Regional Radio Fórmula, S.A. de C.V.",RADIO CONCESIONADO,Radio Fórmula,FM  ,RADIO
163,YUCATAN,147-MERIDA,105.1,XHZ-FM,XHZ-FM-105.1,RA00958-23,DANTE GRANDEZA V2,PP,MC,2023-11-13,23:56:00,EXCEDENTE,"Transmisora Regional Radio Fórmula, S.A. de C.V.",RADIO CONCESIONADO,Radio Fórmula,FM  ,RADIO
164,YUCATAN,147-MERIDA,105.1,XHZ-FM,XHZ-FM-105.1,RA00128-23,EL PT ES LA 4T,PP,PT,2023-11-13,23:56:34,EXCEDENTE,"Transmisora Regional Radio Fórmula, S.A. de C.V.",RADIO CONCESIONADO,Radio Fórmula,FM  ,RADIO
165,YUCATAN,147-MERIDA,105.1,XHZ-FM,XHZ-FM-105.1,RA00903-23,PRECAMPAÑA YUCATÁN,PP,MORENA,2023-11-13,23:57:04,EXCEDENTE,"Transmisora Regional Radio Fórmula, S.A. de C.V.",RADIO CONCESIONADO,Radio Fórmula,FM  ,RADIO
166,YUCATAN,147-MERIDA,105.1,XHZ-FM,XHZ-FM-105.1,RA00943-23,PROG SOC VERDE YUC ,PP,PVEM,2023-11-13,23:57:44,EXCEDENTE,"Transmisora Regional Radio Fórmula, S.A. de C.V.",RADIO CONCESIONADO,Radio Fórmula,FM  ,RADIO
167,YUCATAN,147-MERIDA,98.9,XHYW-FM,XHYW-FM-98.9,RA00954-23,PRE GOB YUC MANIFIESTO RB ,PP,PAN,2023-11-15,19:45:58,EXCEDENTE,"Tropiradio del Sureste, S.A. de C.V.",RADIO CONCESIONADO,Radio Mexicana,FM  ,RADIO
168,YUCATAN,147-MERIDA,98.9,XHYW-FM,XHYW-FM-98.9,RA00903-23,PRECAMPAÑA YUCATÁN,PP,MORENA,2023-11-15,19:46:40,EXCEDENTE,"Tropiradio del Sureste, S.A. de C.V.",RADIO CONCESIONADO,Radio Mexicana,FM  ,RADIO
169,YUCATAN,147-MERIDA,105.1,XHZ-FM,XHZ-FM-105.1,RA00954-23,PRE GOB YUC MANIFIESTO RB ,PP,PAN,2023-11-15,23:54:40,EXCEDENTE,"Transmisora Regional Radio Fórmula, S.A. de C.V.",RADIO CONCESIONADO,Radio Fórmula,FM  ,RADIO
170,YUCATAN,147-MERIDA,105.1,XHZ-FM,XHZ-FM-105.1,RA00903-23,PRECAMPAÑA YUCATÁN,PP,MORENA,2023-11-15,23:55:12,EXCEDENTE,"Transmisora Regional Radio Fórmula, S.A. de C.V.",RADIO CONCESIONADO,Radio Fórmula,FM  ,RADIO
171,YUCATAN,147-MERIDA,105.1,XHZ-FM,XHZ-FM-105.1,RA00882-23,DAMOS RESULTADOS V2,PP,PRI,2023-11-15,23:55:41,EXCEDENTE,"Transmisora Regional Radio Fórmula, S.A. de C.V.",RADIO CONCESIONADO,Radio Fórmula,FM  ,RADIO
172,YUCATAN,147-MERIDA,105.1,XHZ-FM,XHZ-FM-105.1,RA00953-23,PRE GOB YUC TRANSFORMACIÓN RB,PP,PAN,2023-11-15,23:56:10,EXCEDENTE,"Transmisora Regional Radio Fórmula, S.A. de C.V.",RADIO CONCESIONADO,Radio Fórmula,FM  ,RADIO
173,YUCATAN,147-MERIDA,105.1,XHZ-FM,XHZ-FM-105.1,RA00958-23,DANTE GRANDEZA V2,PP,MC,2023-11-15,23:56:40,EXCEDENTE,"Transmisora Regional Radio Fórmula, S.A. de C.V.",RADIO CONCESIONADO,Radio Fórmula,FM  ,RADIO
174,YUCATAN,147-MERIDA,105.1,XHZ-FM,XHZ-FM-105.1,RA00128-23,EL PT ES LA 4T,PP,PT,2023-11-15,23:57:12,EXCEDENTE,"Transmisora Regional Radio Fórmula, S.A. de C.V.",RADIO CONCESIONADO,Radio Fórmula,FM  ,RADIO
175,YUCATAN,147-MERIDA,95.3,XHMH-FM,XHMH-FM-95.3,RA00943-23,PROG SOC VERDE YUC ,PP,PVEM,2023-11-17,13:41:56,EXCEDENTE,"Radio Mérida, S.A.",RADIO CONCESIONADO,Candela,FM  ,RADIO
176,YUCATAN,147-MERIDA,95.3,XHMH-FM,XHMH-FM-95.3,RA00983-23,PRE YUC V3,PP,MORENA,2023-11-17,13:42:24,EXCEDENTE,"Radio Mérida, S.A.",RADIO CONCESIONADO,Candela,FM  ,RADIO
177,YUCATAN,147-MERIDA,CANAL35,XHMEN-TDT,XHMEN-TDT-CANAL35,RV00811-23,PROG SOC VERDE YUCATÁN,PP,PVEM,2023-11-19,10:09:26,EXCEDENTE,"Radio Televisión, S.A. de C.V.",TELEVISION CONCESIONADO,Canal 5,TDT,TELEVISIÓN
178,YUCATAN,147-MERIDA,CANAL30,XHTP-TDT,XHTP-TDT-CANAL30,RV00811-23,PROG SOC VERDE YUCATÁN,PP,PVEM,2023-11-19,10:40:16,EXCEDENTE,"Televisora Peninsular, S.A. de C.V.",TELEVISION CONCESIONADO,Las Estrellas,TDT,TELEVISIÓN
179,YUCATAN,147-MERIDA,CANAL30,XHTP-TDT,XHTP-TDT-CANAL30,RV00136-23,CATALOGO2023_ESPAÑOL_V2,AE,IEPAC,2023-11-19,11:35:06,EXCEDENTE,"Televisora Peninsular, S.A. de C.V.",TELEVISION CONCESIONADO,Las Estrellas,TDT,TELEVISIÓN
180,YUCATAN,147-MERIDA,CANAL30,XHTP-TDT,XHTP-TDT-CANAL30,RV00135-23,CATALOGO2023_MAYA_V2,AE,IEPAC,2023-11-19,11:36:00,EXCEDENTE,"Televisora Peninsular, S.A. de C.V.",TELEVISION CONCESIONADO,Las Estrellas,TDT,TELEVISIÓN
181,YUCATAN,147-MERIDA,CANAL35,XHMEN-TDT,XHMEN-TDT-CANAL35,RV00112-23,PT ES LA 4T,PP,PT,2023-11-19,23:46:29,EXCEDENTE,"Radio Televisión, S.A. de C.V.",TELEVISION CONCESIONADO,Canal 5,TDT,TELEVISIÓN
182,YUCATAN,147-MERIDA,CANAL30,XHTP-TDT,XHTP-TDT-CANAL30,RV00112-23,PT ES LA 4T,PP,PT,2023-11-19,23:55:08,EXCEDENTE,"Televisora Peninsular, S.A. de C.V.",TELEVISION CONCESIONADO,Las Estrellas,TDT,TELEVISIÓN
183,YUCATAN,147-MERIDA,CANAL30,XHTP-TDT,XHTP-TDT-CANAL30,RV00737-23,DAMOS RESULTADOS V1,PP,PRI,2023-11-20,06:13:54,EXCEDENTE,"Televisora Peninsular, S.A. de C.V.",TELEVISION CONCESIONADO,Las Estrellas,TDT,TELEVISIÓN
184,YUCATAN,147-MERIDA,CANAL35,XHMEN-TDT,XHMEN-TDT-CANAL35,RV00737-23,DAMOS RESULTADOS V1,PP,PRI,2023-11-20,06:17:03,EXCEDENTE,"Radio Televisión, S.A. de C.V.",TELEVISION CONCESIONADO,Canal 5,TDT,TELEVISIÓN
185,YUCATAN,147-MERIDA,CANAL22,XHCTMD-TDT,XHCTMD-TDT-CANAL22,RV00717-23,DANTE GRANDEZA,PP,MC,2023-11-20,06:23:26,EXCEDENTE,"Cadena Tres I, S.A. de C.V.",TELEVISION CONCESIONADO,Imagen TV,TDT,TELEVISIÓN
186,YUCATAN,147-MERIDA,CANAL35.2,XHMEN-TDT,XHMEN-TDT-CANAL35.2,RV00737-23,DAMOS RESULTADOS V1,PP,PRI,2023-11-20,06:31:33,EXCEDENTE,"Radio Televisión, S.A. de C.V.",TELEVISION CONCESIONADO,NU9VE,TDT,TELEVISIÓN
187,YUCATAN,147-MERIDA,CANAL30.2,XHTP-TDT,XHTP-TDT-CANAL30.2,RV00737-23,DAMOS RESULTADOS V1,PP,PRI,2023-11-20,06:40:16,EXCEDENTE,"Televisora Peninsular, S.A. de C.V.",TELEVISION CONCESIONADO,Foro TV,TDT,TELEVISIÓN
188,YUCATAN,147-MERIDA,CANAL30,XHTP-TDT,XHTP-TDT-CANAL30,RV00135-23,CATALOGO2023_MAYA_V2,AE,IEPAC,2023-11-20,07:16:40,EXCEDENTE,"Televisora Peninsular, S.A. de C.V.",TELEVISION CONCESIONADO,Las Estrellas,TDT,TELEVISIÓN
189,YUCATAN,147-MERIDA,CANAL30,XHTP-TDT,XHTP-TDT-CANAL30,RV00136-23,CATALOGO2023_ESPAÑOL_V2,AE,IEPAC,2023-11-20,07:17:08,EXCEDENTE,"Televisora Peninsular, S.A. de C.V.",TELEVISION CONCESIONADO,Las Estrellas,TDT,TELEVISIÓN
190,YUCATAN,147-MERIDA,CANAL35,XHMEN-TDT,XHMEN-TDT-CANAL35,RV00135-23,CATALOGO2023_MAYA_V2,AE,IEPAC,2023-11-20,07:18:29,EXCEDENTE,"Radio Televisión, S.A. de C.V.",TELEVISION CONCESIONADO,Canal 5,TDT,TELEVISIÓN
191,YUCATAN,147-MERIDA,CANAL35,XHMEN-TDT,XHMEN-TDT-CANAL35,RV00136-23,CATALOGO2023_ESPAÑOL_V2,AE,IEPAC,2023-11-20,07:18:59,EXCEDENTE,"Radio Televisión, S.A. de C.V.",TELEVISION CONCESIONADO,Canal 5,TDT,TELEVISIÓN
192,YUCATAN,147-MERIDA,CANAL35.2,XHMEN-TDT,XHMEN-TDT-CANAL35.2,RV00135-23,CATALOGO2023_MAYA_V2,AE,IEPAC,2023-11-20,07:41:53,EXCEDENTE,"Radio Televisión, S.A. de C.V.",TELEVISION CONCESIONADO,NU9VE,TDT,TELEVISIÓN
193,YUCATAN,147-MERIDA,CANAL35.2,XHMEN-TDT,XHMEN-TDT-CANAL35.2,RV00136-23,CATALOGO2023_ESPAÑOL_V2,AE,IEPAC,2023-11-20,07:42:33,EXCEDENTE,"Radio Televisión, S.A. de C.V.",TELEVISION CONCESIONADO,NU9VE,TDT,TELEVISIÓN
194,YUCATAN,147-MERIDA,CANAL30.2,XHTP-TDT,XHTP-TDT-CANAL30.2,RV00135-23,CATALOGO2023_MAYA_V2,AE,IEPAC,2023-11-20,07:45:22,EXCEDENTE,"Televisora Peninsular, S.A. de C.V.",TELEVISION CONCESIONADO,Foro TV,TDT,TELEVISIÓN
195,YUCATAN,147-MERIDA,CANAL30.2,XHTP-TDT,XHTP-TDT-CANAL30.2,RV00136-23,CATALOGO2023_ESPAÑOL_V2,AE,IEPAC,2023-11-20,07:46:02,EXCEDENTE,"Televisora Peninsular, S.A. de C.V.",TELEVISION CONCESIONADO,Foro TV,TDT,TELEVISIÓN
196,YUCATAN,147-MERIDA,CANAL35,XHMEN-TDT,XHMEN-TDT-CANAL35,RV00135-23,CATALOGO2023_MAYA_V2,AE,IEPAC,2023-11-20,08:15:33,EXCEDENTE,"Radio Televisión, S.A. de C.V.",TELEVISION CONCESIONADO,Canal 5,TDT,TELEVISIÓN
197,YUCATAN,147-MERIDA,CANAL30.2,XHTP-TDT,XHTP-TDT-CANAL30.2,RV00135-23,CATALOGO2023_MAYA_V2,AE,IEPAC,2023-11-20,08:41:12,EXCEDENTE,"Televisora Peninsular, S.A. de C.V.",TELEVISION CONCESIONADO,Foro TV,TDT,TELEVISIÓN
198,YUCATAN,147-MERIDA,CANAL30,XHTP-TDT,XHTP-TDT-CANAL30,RV00135-23,CATALOGO2023_MAYA_V2,AE,IEPAC,2023-11-20,08:46:50,EXCEDENTE,"Televisora Peninsular, S.A. de C.V.",TELEVISION CONCESIONADO,Las Estrellas,TDT,TELEVISIÓN
199,YUCATAN,147-MERIDA,CANAL35.2,XHMEN-TDT,XHMEN-TDT-CANAL35.2,RV00135-23,CATALOGO2023_MAYA_V2,AE,IEPAC,2023-11-20,08:52:11,EXCEDENTE,"Radio Televisión, S.A. de C.V.",TELEVISION CONCESIONADO,NU9VE,TDT,TELEVISIÓN
200,YUCATAN,147-MERIDA,CANAL22.2,XHCTMD-TDT,XHCTMD-TDT-CANAL22.2,RV01132-22,QUE ES EL TEPJF,AE,TEPJF,2023-11-20,09:05:29,EXCEDENTE,"Cadena Tres I, S.A. de C.V.",TELEVISION CONCESIONADO,Excélsior TV,TDT,TELEVISIÓN
201,YUCATAN,147-MERIDA,CANAL30,XHTP-TDT,XHTP-TDT-CANAL30,RV00135-23,CATALOGO2023_MAYA_V2,AE,IEPAC,2023-11-20,10:38:59,EXCEDENTE,"Televisora Peninsular, S.A. de C.V.",TELEVISION CONCESIONADO,Las Estrellas,TDT,TELEVISIÓN
202,YUCATAN,147-MERIDA,CANAL35.2,XHMEN-TDT,XHMEN-TDT-CANAL35.2,RV00135-23,CATALOGO2023_MAYA_V2,AE,IEPAC,2023-11-20,10:40:21,EXCEDENTE,"Radio Televisión, S.A. de C.V.",TELEVISION CONCESIONADO,NU9VE,TDT,TELEVISIÓN
203,YUCATAN,147-MERIDA,CANAL30,XHTP-TDT,XHTP-TDT-CANAL30,RV00775-23,PARA CAMBIR EL RUMBO MIX,PP,PAN,2023-11-20,11:43:14,EXCEDENTE,"Televisora Peninsular, S.A. de C.V.",TELEVISION CONCESIONADO,Las Estrellas,TDT,TELEVISIÓN
204,YUCATAN,147-MERIDA,CANAL35,XHMEN-TDT,XHMEN-TDT-CANAL35,RV00136-23,CATALOGO2023_ESPAÑOL_V2,AE,IEPAC,2023-11-20,12:05:32,EXCEDENTE,"Radio Televisión, S.A. de C.V.",TELEVISION CONCESIONADO,Canal 5,TDT,TELEVISIÓN
205,YUCATAN,147-MERIDA,CANAL35,XHMEN-TDT,XHMEN-TDT-CANAL35,RV00775-23,PARA CAMBIR EL RUMBO MIX,PP,PAN,2023-11-20,12:06:32,EXCEDENTE,"Radio Televisión, S.A. de C.V.",TELEVISION CONCESIONADO,Canal 5,TDT,TELEVISIÓN
206,YUCATAN,147-MERIDA,CANAL35.2,XHMEN-TDT,XHMEN-TDT-CANAL35.2,RV00135-23,CATALOGO2023_MAYA_V2,AE,IEPAC,2023-11-20,12:16:15,EXCEDENTE,"Radio Televisión, S.A. de C.V.",TELEVISION CONCESIONADO,NU9VE,TDT,TELEVISIÓN
207,YUCATAN,147-MERIDA,CANAL30,XHTP-TDT,XHTP-TDT-CANAL30,RV00136-23,CATALOGO2023_ESPAÑOL_V2,AE,IEPAC,2023-11-20,12:18:49,EXCEDENTE,"Televisora Peninsular, S.A. de C.V.",TELEVISION CONCESIONADO,Las Estrellas,TDT,TELEVISIÓN
208,YUCATAN,147-MERIDA,CANAL30,XHTP-TDT,XHTP-TDT-CANAL30,RV00775-23,PARA CAMBIR EL RUMBO MIX,PP,PAN,2023-11-20,12:19:49,EXCEDENTE,"Televisora Peninsular, S.A. de C.V.",TELEVISION CONCESIONADO,Las Estrellas,TDT,TELEVISIÓN
209,YUCATAN,147-MERIDA,CANAL35.2,XHMEN-TDT,XHMEN-TDT-CANAL35.2,RV00775-23,PARA CAMBIR EL RUMBO MIX,PP,PAN,2023-11-20,12:36:03,EXCEDENTE,"Radio Televisión, S.A. de C.V.",TELEVISION CONCESIONADO,NU9VE,TDT,TELEVISIÓN
210,YUCATAN,147-MERIDA,CANAL35,XHMEN-TDT,XHMEN-TDT-CANAL35,RV00775-23,PARA CAMBIR EL RUMBO MIX,PP,PAN,2023-11-20,13:10:59,EXCEDENTE,"Radio Televisión, S.A. de C.V.",TELEVISION CONCESIONADO,Canal 5,TDT,TELEVISIÓN
211,YUCATAN,147-MERIDA,CANAL30,XHTP-TDT,XHTP-TDT-CANAL30,RV00775-23,PARA CAMBIR EL RUMBO MIX,PP,PAN,2023-11-20,13:15:58,EXCEDENTE,"Televisora Peninsular, S.A. de C.V.",TELEVISION CONCESIONADO,Las Estrellas,TDT,TELEVISIÓN
212,YUCATAN,147-MERIDA,CANAL30.2,XHTP-TDT,XHTP-TDT-CANAL30.2,RV00775-23,PARA CAMBIR EL RUMBO MIX,PP,PAN,2023-11-20,13:20:02,EXCEDENTE,"Televisora Peninsular, S.A. de C.V.",TELEVISION CONCESIONADO,Foro TV,TDT,TELEVISIÓN
213,YUCATAN,147-MERIDA,CANAL35.2,XHMEN-TDT,XHMEN-TDT-CANAL35.2,RV00775-23,PARA CAMBIR EL RUMBO MIX,PP,PAN,2023-11-20,13:35:38,EXCEDENTE,"Radio Televisión, S.A. de C.V.",TELEVISION CONCESIONADO,NU9VE,TDT,TELEVISIÓN
214,YUCATAN,147-MERIDA,CANAL30.2,XHTP-TDT,XHTP-TDT-CANAL30.2,RV00136-23,CATALOGO2023_ESPAÑOL_V2,AE,IEPAC,2023-11-20,17:14:38,EXCEDENTE,"Televisora Peninsular, S.A. de C.V.",TELEVISION CONCESIONADO,Foro TV,TDT,TELEVISIÓN
215,YUCATAN,147-MERIDA,CANAL30,XHTP-TDT,XHTP-TDT-CANAL30,RV00136-23,CATALOGO2023_ESPAÑOL_V2,AE,IEPAC,2023-11-20,17:16:34,EXCEDENTE,"Televisora Peninsular, S.A. de C.V.",TELEVISION CONCESIONADO,Las Estrellas,TDT,TELEVISIÓN
216,YUCATAN,147-MERIDA,CANAL35.2,XHMEN-TDT,XHMEN-TDT-CANAL35.2,RV00136-23,CATALOGO2023_ESPAÑOL_V2,AE,IEPAC,2023-11-20,17:22:03,EXCEDENTE,"Radio Televisión, S.A. de C.V.",TELEVISION CONCESIONADO,NU9VE,TDT,TELEVISIÓN
217,YUCATAN,147-MERIDA,CANAL35.2,XHMEN-TDT,XHMEN-TDT-CANAL35.2,RV00135-23,CATALOGO2023_MAYA_V2,AE,IEPAC,2023-11-20,18:29:06,EXCEDENTE,"Radio Televisión, S.A. de C.V.",TELEVISION CONCESIONADO,NU9VE,TDT,TELEVISIÓN
218,YUCATAN,147-MERIDA,CANAL30.2,XHTP-TDT,XHTP-TDT-CANAL30.2,RV00135-23,CATALOGO2023_MAYA_V2,AE,IEPAC,2023-11-20,18:45:01,EXCEDENTE,"Televisora Peninsular, S.A. de C.V.",TELEVISION CONCESIONADO,Foro TV,TDT,TELEVISIÓN
219,YUCATAN,147-MERIDA,CANAL30.2,XHTP-TDT,XHTP-TDT-CANAL30.2,RV00775-23,PARA CAMBIR EL RUMBO MIX,PP,PAN,2023-11-20,19:40:55,EXCEDENTE,"Televisora Peninsular, S.A. de C.V.",TELEVISION CONCESIONADO,Foro TV,TDT,TELEVISIÓN
220,YUCATAN,147-MERIDA,CANAL35.2,XHMEN-TDT,XHMEN-TDT-CANAL35.2,RV00775-23,PARA CAMBIR EL RUMBO MIX,PP,PAN,2023-11-20,19:43:15,EXCEDENTE,"Radio Televisión, S.A. de C.V.",TELEVISION CONCESIONADO,NU9VE,TDT,TELEVISIÓN
221,YUCATAN,147-MERIDA,CANAL35,XHMEN-TDT,XHMEN-TDT-CANAL35,RV00775-23,PARA CAMBIR EL RUMBO MIX,PP,PAN,2023-11-20,19:47:34,EXCEDENTE,"Radio Televisión, S.A. de C.V.",TELEVISION CONCESIONADO,Canal 5,TDT,TELEVISIÓN
222,YUCATAN,147-MERIDA,CANAL35,XHMEN-TDT,XHMEN-TDT-CANAL35,RV00775-23,PARA CAMBIR EL RUMBO MIX,PP,PAN,2023-11-20,20:27:06,EXCEDENTE,"Radio Televisión, S.A. de C.V.",TELEVISION CONCESIONADO,Canal 5,TDT,TELEVISIÓN
223,YUCATAN,147-MERIDA,CANAL30,XHTP-TDT,XHTP-TDT-CANAL30,RV00699-23,C1_SA_CONVOCATORIA SE-CAE_1023_TV,PP,,2023-11-20,21:16:18,EXCEDENTE,"Televisora Peninsular, S.A. de C.V.",TELEVISION CONCESIONADO,Las Estrellas,TDT,TELEVISIÓN
224,YUCATAN,147-MERIDA,CANAL30.2,XHTP-TDT,XHTP-TDT-CANAL30.2,RV00135-23,CATALOGO2023_MAYA_V2,AE,IEPAC,2023-11-20,21:21:51,EXCEDENTE,"Televisora Peninsular, S.A. de C.V.",TELEVISION CONCESIONADO,Foro TV,TDT,TELEVISIÓN
225,YUCATAN,147-MERIDA,CANAL35.2,XHMEN-TDT,XHMEN-TDT-CANAL35.2,RV00135-23,CATALOGO2023_MAYA_V2,AE,IEPAC,2023-11-20,21:23:42,EXCEDENTE,"Radio Televisión, S.A. de C.V.",TELEVISION CONCESIONADO,NU9VE,TDT,TELEVISIÓN
226,YUCATAN,147-MERIDA,CANAL35.2,XHMEN-TDT,XHMEN-TDT-CANAL35.2,RV00136-23,CATALOGO2023_ESPAÑOL_V2,AE,IEPAC,2023-11-20,22:11:55,EXCEDENTE,"Radio Televisión, S.A. de C.V.",TELEVISION CONCESIONADO,NU9VE,TDT,TELEVISIÓN
227,YUCATAN,147-MERIDA,CANAL30.2,XHTP-TDT,XHTP-TDT-CANAL30.2,RV00136-23,CATALOGO2023_ESPAÑOL_V2,AE,IEPAC,2023-11-20,22:19:24,EXCEDENTE,"Televisora Peninsular, S.A. de C.V.",TELEVISION CONCESIONADO,Foro TV,TDT,TELEVISIÓN
228,YUCATAN,147-MERIDA,CANAL30.2,XHTP-TDT,XHTP-TDT-CANAL30.2,RV00659-23,C4_SD_FECHA LÍMITE RENOVACIÓN DE LA INE RE_0923_TV,AE,INE,2023-11-20,22:19:46,EXCEDENTE,"Televisora Peninsular, S.A. de C.V.",TELEVISION CONCESIONADO,Foro TV,TDT,TELEVISIÓN
229,YUCATAN,147-MERIDA,CANAL35,XHMEN-TDT,XHMEN-TDT-CANAL35,RV00136-23,CATALOGO2023_ESPAÑOL_V2,AE,IEPAC,2023-11-20,22:20:15,EXCEDENTE,"Radio Televisión, S.A. de C.V.",TELEVISION CONCESIONADO,Canal 5,TDT,TELEVISIÓN
230,YUCATAN,147-MERIDA,CANAL30,XHTP-TDT,XHTP-TDT-CANAL30,RV00699-23,C1_SA_CONVOCATORIA SE-CAE_1023_TV,PP,,2023-11-20,22:20:57,EXCEDENTE,"Televisora Peninsular, S.A. de C.V.",TELEVISION CONCESIONADO,Las Estrellas,TDT,TELEVISIÓN
231,YUCATAN,147-MERIDA,CANAL30,XHTP-TDT,XHTP-TDT-CANAL30,RV00136-23,CATALOGO2023_ESPAÑOL_V2,AE,IEPAC,2023-11-20,22:21:21,EXCEDENTE,"Televisora Peninsular, S.A. de C.V.",TELEVISION CONCESIONADO,Las Estrellas,TDT,TELEVISIÓN
232,YUCATAN,147-MERIDA,CANAL22.2,XHCTMD-TDT,XHCTMD-TDT-CANAL22.2,RV00659-23,C4_SD_FECHA LÍMITE RENOVACIÓN DE LA INE RE_0923_TV,AE,INE,2023-11-20,22:29:29,EXCEDENTE,"Cadena Tres I, S.A. de C.V.",TELEVISION CONCESIONADO,Excélsior TV,TDT,TELEVISIÓN
233,YUCATAN,147-MERIDA,CANAL22.2,XHCTMD-TDT,XHCTMD-TDT-CANAL22.2,RV00717-23,DANTE GRANDEZA,PP,MC,2023-11-20,23:29:53,EXCEDENTE,"Cadena Tres I, S.A. de C.V.",TELEVISION CONCESIONADO,Excélsior TV,TDT,TELEVISIÓN
234,YUCATAN,147-MERIDA,CANAL22.2,XHCTMD-TDT,XHCTMD-TDT-CANAL22.2,RV00847-23,DERECHOS PRECAMPAÑA,PP,MORENA,2023-11-20,23:30:47,EXCEDENTE,"Cadena Tres I, S.A. de C.V.",TELEVISION CONCESIONADO,Excélsior TV,TDT,TELEVISIÓN
235,YUCATAN,147-MERIDA,CANAL30,XHTP-TDT,XHTP-TDT-CANAL30,RV00135-23,CATALOGO2023_MAYA_V2,AE,IEPAC,2023-11-21,06:09:46,EXCEDENTE,"Televisora Peninsular, S.A. de C.V.",TELEVISION CONCESIONADO,Las Estrellas,TDT,TELEVISIÓN
236,YUCATAN,147-MERIDA,CANAL35,XHMEN-TDT,XHMEN-TDT-CANAL35,RV00135-23,CATALOGO2023_MAYA_V2,AE,IEPAC,2023-11-21,06:16:50,EXCEDENTE,"Radio Televisión, S.A. de C.V.",TELEVISION CONCESIONADO,Canal 5,TDT,TELEVISIÓN
237,YUCATAN,147-MERIDA,CANAL35.2,XHMEN-TDT,XHMEN-TDT-CANAL35.2,RV00135-23,CATALOGO2023_MAYA_V2,AE,IEPAC,2023-11-21,06:31:33,EXCEDENTE,"Radio Televisión, S.A. de C.V.",TELEVISION CONCESIONADO,NU9VE,TDT,TELEVISIÓN
238,YUCATAN,147-MERIDA,CANAL30.2,XHTP-TDT,XHTP-TDT-CANAL30.2,RV00135-23,CATALOGO2023_MAYA_V2,AE,IEPAC,2023-11-21,06:40:00,EXCEDENTE,"Televisora Peninsular, S.A. de C.V.",TELEVISION CONCESIONADO,Foro TV,TDT,TELEVISIÓN
239,YUCATAN,147-MERIDA,CANAL30,XHTP-TDT,XHTP-TDT-CANAL30,RV00775-23,PARA CAMBIR EL RUMBO MIX,PP,PAN,2023-11-21,07:17:20,EXCEDENTE,"Televisora Peninsular, S.A. de C.V.",TELEVISION CONCESIONADO,Las Estrellas,TDT,TELEVISIÓN
240,YUCATAN,147-MERIDA,CANAL35,XHMEN-TDT,XHMEN-TDT-CANAL35,RV00775-23,PARA CAMBIR EL RUMBO MIX,PP,PAN,2023-11-21,07:17:57,EXCEDENTE,"Radio Televisión, S.A. de C.V.",TELEVISION CONCESIONADO,Canal 5,TDT,TELEVISIÓN
241,YUCATAN,147-MERIDA,CANAL30.2,XHTP-TDT,XHTP-TDT-CANAL30.2,RV00775-23,PARA CAMBIR EL RUMBO MIX,PP,PAN,2023-11-21,07:20:02,EXCEDENTE,"Televisora Peninsular, S.A. de C.V.",TELEVISION CONCESIONADO,Foro TV,TDT,TELEVISIÓN
242,YUCATAN,147-MERIDA,CANAL35.2,XHMEN-TDT,XHMEN-TDT-CANAL35.2,RV00775-23,PARA CAMBIR EL RUMBO MIX,PP,PAN,2023-11-21,07:28:17,EXCEDENTE,"Radio Televisión, S.A. de C.V.",TELEVISION CONCESIONADO,NU9VE,TDT,TELEVISIÓN
243,YUCATAN,147-MERIDA,CANAL35.2,XHMEN-TDT,XHMEN-TDT-CANAL35.2,RV00135-23,CATALOGO2023_MAYA_V2,AE,IEPAC,2023-11-21,08:07:37,EXCEDENTE,"Radio Televisión, S.A. de C.V.",TELEVISION CONCESIONADO,NU9VE,TDT,TELEVISIÓN
244,YUCATAN,147-MERIDA,CANAL35,XHMEN-TDT,XHMEN-TDT-CANAL35,RV00135-23,CATALOGO2023_MAYA_V2,AE,IEPAC,2023-11-21,08:13:23,EXCEDENTE,"Radio Televisión, S.A. de C.V.",TELEVISION CONCESIONADO,Canal 5,TDT,TELEVISIÓN
245,YUCATAN,147-MERIDA,CANAL35,XHMEN-TDT,XHMEN-TDT-CANAL35,RV00136-23,CATALOGO2023_ESPAÑOL_V2,AE,IEPAC,2023-11-21,08:15:53,EXCEDENTE,"Radio Televisión, S.A. de C.V.",TELEVISION CONCESIONADO,Canal 5,TDT,TELEVISIÓN
246,YUCATAN,147-MERIDA,CANAL35.2,XHMEN-TDT,XHMEN-TDT-CANAL35.2,RV00136-23,CATALOGO2023_ESPAÑOL_V2,AE,IEPAC,2023-11-21,08:42:45,EXCEDENTE,"Radio Televisión, S.A. de C.V.",TELEVISION CONCESIONADO,NU9VE,TDT,TELEVISIÓN
247,YUCATAN,147-MERIDA,CANAL30.2,XHTP-TDT,XHTP-TDT-CANAL30.2,RV00136-23,CATALOGO2023_ESPAÑOL_V2,AE,IEPAC,2023-11-21,08:43:14,EXCEDENTE,"Televisora Peninsular, S.A. de C.V.",TELEVISION CONCESIONADO,Foro TV,TDT,TELEVISIÓN
248,YUCATAN,147-MERIDA,CANAL30,XHTP-TDT,XHTP-TDT-CANAL30,RV00135-23,CATALOGO2023_MAYA_V2,AE,IEPAC,2023-11-21,08:46:08,EXCEDENTE,"Televisora Peninsular, S.A. de C.V.",TELEVISION CONCESIONADO,Las Estrellas,TDT,TELEVISIÓN
249,YUCATAN,147-MERIDA,CANAL30,XHTP-TDT,XHTP-TDT-CANAL30,RV00136-23,CATALOGO2023_ESPAÑOL_V2,AE,IEPAC,2023-11-21,08:48:44,EXCEDENTE,"Televisora Peninsular, S.A. de C.V.",TELEVISION CONCESIONADO,Las Estrellas,TDT,TELEVISIÓN
250,YUCATAN,147-MERIDA,CANAL35,XHMEN-TDT,XHMEN-TDT-CANAL35,RV00775-23,PARA CAMBIR EL RUMBO MIX,PP,PAN,2023-11-21,09:03:29,EXCEDENTE,"Radio Televisión, S.A. de C.V.",TELEVISION CONCESIONADO,Canal 5,TDT,TELEVISIÓN
251,YUCATAN,147-MERIDA,CANAL35.2,XHMEN-TDT,XHMEN-TDT-CANAL35.2,RV00775-23,PARA CAMBIR EL RUMBO MIX,PP,PAN,2023-11-21,09:15:33,EXCEDENTE,"Radio Televisión, S.A. de C.V.",TELEVISION CONCESIONADO,NU9VE,TDT,TELEVISIÓN
252,YUCATAN,147-MERIDA,CANAL30,XHTP-TDT,XHTP-TDT-CANAL30,RV00775-23,PARA CAMBIR EL RUMBO MIX,PP,PAN,2023-11-21,09:21:10,EXCEDENTE,"Televisora Peninsular, S.A. de C.V.",TELEVISION CONCESIONADO,Las Estrellas,TDT,TELEVISIÓN
253,YUCATAN,147-MERIDA,CANAL30.2,XHTP-TDT,XHTP-TDT-CANAL30.2,RV00775-23,PARA CAMBIR EL RUMBO MIX,PP,PAN,2023-11-21,09:25:28,EXCEDENTE,"Televisora Peninsular, S.A. de C.V.",TELEVISION CONCESIONADO,Foro TV,TDT,TELEVISIÓN
254,YUCATAN,147-MERIDA,CANAL35,XHMEN-TDT,XHMEN-TDT-CANAL35,RV00136-23,CATALOGO2023_ESPAÑOL_V2,AE,IEPAC,2023-11-21,10:16:33,EXCEDENTE,"Radio Televisión, S.A. de C.V.",TELEVISION CONCESIONADO,Canal 5,TDT,TELEVISIÓN
255,YUCATAN,147-MERIDA,CANAL35.2,XHMEN-TDT,XHMEN-TDT-CANAL35.2,RV00136-23,CATALOGO2023_ESPAÑOL_V2,AE,IEPAC,2023-11-21,10:41:24,EXCEDENTE,"Radio Televisión, S.A. de C.V.",TELEVISION CONCESIONADO,NU9VE,TDT,TELEVISIÓN
256,YUCATAN,147-MERIDA,CANAL30.2,XHTP-TDT,XHTP-TDT-CANAL30.2,RV00136-23,CATALOGO2023_ESPAÑOL_V2,AE,IEPAC,2023-11-21,10:48:56,EXCEDENTE,"Televisora Peninsular, S.A. de C.V.",TELEVISION CONCESIONADO,Foro TV,TDT,TELEVISIÓN
257,YUCATAN,147-MERIDA,CANAL35,XHMEN-TDT,XHMEN-TDT-CANAL35,RV00775-23,PARA CAMBIR EL RUMBO MIX,PP,PAN,2023-11-21,13:12:59,EXCEDENTE,"Radio Televisión, S.A. de C.V.",TELEVISION CONCESIONADO,Canal 5,TDT,TELEVISIÓN
258,YUCATAN,147-MERIDA,CANAL30.2,XHTP-TDT,XHTP-TDT-CANAL30.2,RV00775-23,PARA CAMBIR EL RUMBO MIX,PP,PAN,2023-11-21,13:14:24,EXCEDENTE,"Televisora Peninsular, S.A. de C.V.",TELEVISION CONCESIONADO,Foro TV,TDT,TELEVISIÓN
259,YUCATAN,147-MERIDA,CANAL30,XHTP-TDT,XHTP-TDT-CANAL30,RV00775-23,PARA CAMBIR EL RUMBO MIX,PP,PAN,2023-11-21,13:14:30,EXCEDENTE,"Televisora Peninsular, S.A. de C.V.",TELEVISION CONCESIONADO,Las Estrellas,TDT,TELEVISIÓN
260,YUCATAN,147-MERIDA,CANAL35.2,XHMEN-TDT,XHMEN-TDT-CANAL35.2,RV00775-23,PARA CAMBIR EL RUMBO MIX,PP,PAN,2023-11-21,13:39:17,EXCEDENTE,"Radio Televisión, S.A. de C.V.",TELEVISION CONCESIONADO,NU9VE,TDT,TELEVISIÓN
261,YUCATAN,147-MERIDA,CANAL35,XHMEN-TDT,XHMEN-TDT-CANAL35,RV00737-23,DAMOS RESULTADOS V1,PP,PRI,2023-11-21,14:14:53,EXCEDENTE,"Radio Televisión, S.A. de C.V.",TELEVISION CONCESIONADO,Canal 5,TDT,TELEVISIÓN
262,YUCATAN,147-MERIDA,CANAL30,XHTP-TDT,XHTP-TDT-CANAL30,RV00737-23,DAMOS RESULTADOS V1,PP,PRI,2023-11-21,14:18:30,EXCEDENTE,"Televisora Peninsular, S.A. de C.V.",TELEVISION CONCESIONADO,Las Estrellas,TDT,TELEVISIÓN
263,YUCATAN,147-MERIDA,CANAL35.2,XHMEN-TDT,XHMEN-TDT-CANAL35.2,RV00737-23,DAMOS RESULTADOS V1,PP,PRI,2023-11-21,14:36:57,EXCEDENTE,"Radio Televisión, S.A. de C.V.",TELEVISION CONCESIONADO,NU9VE,TDT,TELEVISIÓN
264,YUCATAN,147-MERIDA,CANAL35,XHMEN-TDT,XHMEN-TDT-CANAL35,RV00775-23,PARA CAMBIR EL RUMBO MIX,PP,PAN,2023-11-21,15:08:01,EXCEDENTE,"Radio Televisión, S.A. de C.V.",TELEVISION CONCESIONADO,Canal 5,TDT,TELEVISIÓN
265,YUCATAN,147-MERIDA,CANAL30,XHTP-TDT,XHTP-TDT-CANAL30,RV00775-23,PARA CAMBIR EL RUMBO MIX,PP,PAN,2023-11-21,15:11:10,EXCEDENTE,"Televisora Peninsular, S.A. de C.V.",TELEVISION CONCESIONADO,Las Estrellas,TDT,TELEVISIÓN
266,YUCATAN,147-MERIDA,CANAL30.2,XHTP-TDT,XHTP-TDT-CANAL30.2,RV00775-23,PARA CAMBIR EL RUMBO MIX,PP,PAN,2023-11-21,15:11:28,EXCEDENTE,"Televisora Peninsular, S.A. de C.V.",TELEVISION CONCESIONADO,Foro TV,TDT,TELEVISIÓN
267,YUCATAN,147-MERIDA,CANAL35.2,XHMEN-TDT,XHMEN-TDT-CANAL35.2,RV00775-23,PARA CAMBIR EL RUMBO MIX,PP,PAN,2023-11-21,15:36:11,EXCEDENTE,"Radio Televisión, S.A. de C.V.",TELEVISION CONCESIONADO,NU9VE,TDT,TELEVISIÓN
268,YUCATAN,147-MERIDA,CANAL30,XHTP-TDT,XHTP-TDT-CANAL30,RV00775-23,PARA CAMBIR EL RUMBO MIX,PP,PAN,2023-11-21,16:07:28,EXCEDENTE,"Televisora Peninsular, S.A. de C.V.",TELEVISION CONCESIONADO,Las Estrellas,TDT,TELEVISIÓN
269,YUCATAN,147-MERIDA,CANAL30.2,XHTP-TDT,XHTP-TDT-CANAL30.2,RV00775-23,PARA CAMBIR EL RUMBO MIX,PP,PAN,2023-11-21,16:12:11,EXCEDENTE,"Televisora Peninsular, S.A. de C.V.",TELEVISION CONCESIONADO,Foro TV,TDT,TELEVISIÓN
270,YUCATAN,147-MERIDA,CANAL35,XHMEN-TDT,XHMEN-TDT-CANAL35,RV00775-23,PARA CAMBIR EL RUMBO MIX,PP,PAN,2023-11-21,16:16:19,EXCEDENTE,"Radio Televisión, S.A. de C.V.",TELEVISION CONCESIONADO,Canal 5,TDT,TELEVISIÓN
271,YUCATAN,147-MERIDA,CANAL35.2,XHMEN-TDT,XHMEN-TDT-CANAL35.2,RV00775-23,PARA CAMBIR EL RUMBO MIX,PP,PAN,2023-11-21,16:38:53,EXCEDENTE,"Radio Televisión, S.A. de C.V.",TELEVISION CONCESIONADO,NU9VE,TDT,TELEVISIÓN
272,YUCATAN,147-MERIDA,CANAL35,XHMEN-TDT,XHMEN-TDT-CANAL35,RV00136-23,CATALOGO2023_ESPAÑOL_V2,AE,IEPAC,2023-11-21,17:10:13,EXCEDENTE,"Radio Televisión, S.A. de C.V.",TELEVISION CONCESIONADO,Canal 5,TDT,TELEVISIÓN
273,YUCATAN,147-MERIDA,CANAL30.2,XHTP-TDT,XHTP-TDT-CANAL30.2,RV00136-23,CATALOGO2023_ESPAÑOL_V2,AE,IEPAC,2023-11-21,17:14:11,EXCEDENTE,"Televisora Peninsular, S.A. de C.V.",TELEVISION CONCESIONADO,Foro TV,TDT,TELEVISIÓN
274,YUCATAN,147-MERIDA,CANAL30,XHTP-TDT,XHTP-TDT-CANAL30,RV00136-23,CATALOGO2023_ESPAÑOL_V2,AE,IEPAC,2023-11-21,17:21:18,EXCEDENTE,"Televisora Peninsular, S.A. de C.V.",TELEVISION CONCESIONADO,Las Estrellas,TDT,TELEVISIÓN
275,YUCATAN,147-MERIDA,CANAL35.2,XHMEN-TDT,XHMEN-TDT-CANAL35.2,RV00136-23,CATALOGO2023_ESPAÑOL_V2,AE,IEPAC,2023-11-21,17:23:21,EXCEDENTE,"Radio Televisión, S.A. de C.V.",TELEVISION CONCESIONADO,NU9VE,TDT,TELEVISIÓN
276,YUCATAN,147-MERIDA,CANAL35,XHMEN-TDT,XHMEN-TDT-CANAL35,RV00135-23,CATALOGO2023_MAYA_V2,AE,IEPAC,2023-11-21,18:19:43,EXCEDENTE,"Radio Televisión, S.A. de C.V.",TELEVISION CONCESIONADO,Canal 5,TDT,TELEVISIÓN
277,YUCATAN,147-MERIDA,CANAL30,XHTP-TDT,XHTP-TDT-CANAL30,RV00135-23,CATALOGO2023_MAYA_V2,AE,IEPAC,2023-11-21,18:20:54,EXCEDENTE,"Televisora Peninsular, S.A. de C.V.",TELEVISION CONCESIONADO,Las Estrellas,TDT,TELEVISIÓN
278,YUCATAN,147-MERIDA,CANAL35.2,XHMEN-TDT,XHMEN-TDT-CANAL35.2,RV00135-23,CATALOGO2023_MAYA_V2,AE,IEPAC,2023-11-21,18:24:07,EXCEDENTE,"Radio Televisión, S.A. de C.V.",TELEVISION CONCESIONADO,NU9VE,TDT,TELEVISIÓN
279,YUCATAN,147-MERIDA,CANAL30.2,XHTP-TDT,XHTP-TDT-CANAL30.2,RV00135-23,CATALOGO2023_MAYA_V2,AE,IEPAC,2023-11-21,18:50:51,EXCEDENTE,"Televisora Peninsular, S.A. de C.V.",TELEVISION CONCESIONADO,Foro TV,TDT,TELEVISIÓN
280,YUCATAN,147-MERIDA,CANAL31.2,XHDH-TDT,XHDH-TDT-CANAL31.2,RV00838-23,CO_COMPROMISOS CIYJ 20-21_1023_TV,AE,INE,2023-11-21,19:27:51,EXCEDENTE,"Televisión Azteca III, S.A. de C.V.",TELEVISION CONCESIONADO,ADN 40,TDT,TELEVISIÓN
281,YUCATAN,147-MERIDA,CANAL35.2,XHMEN-TDT,XHMEN-TDT-CANAL35.2,RV00775-23,PARA CAMBIR EL RUMBO MIX,PP,PAN,2023-11-21,20:10:53,EXCEDENTE,"Radio Televisión, S.A. de C.V.",TELEVISION CONCESIONADO,NU9VE,TDT,TELEVISIÓN
282,YUCATAN,147-MERIDA,CANAL30,XHTP-TDT,XHTP-TDT-CANAL30,RV00775-23,PARA CAMBIR EL RUMBO MIX,PP,PAN,2023-11-21,20:17:16,EXCEDENTE,"Televisora Peninsular, S.A. de C.V.",TELEVISION CONCESIONADO,Las Estrellas,TDT,TELEVISIÓN
283,YUCATAN,147-MERIDA,CANAL30,XHTP-TDT,XHTP-TDT-CANAL30,RV00737-23,DAMOS RESULTADOS V1,PP,PRI,2023-11-21,20:19:35,EXCEDENTE,"Televisora Peninsular, S.A. de C.V.",TELEVISION CONCESIONADO,Las Estrellas,TDT,TELEVISIÓN
284,YUCATAN,147-MERIDA,CANAL35,XHMEN-TDT,XHMEN-TDT-CANAL35,RV00775-23,PARA CAMBIR EL RUMBO MIX,PP,PAN,2023-11-21,20:20:51,EXCEDENTE,"Radio Televisión, S.A. de C.V.",TELEVISION CONCESIONADO,Canal 5,TDT,TELEVISIÓN
285,YUCATAN,147-MERIDA,CANAL35,XHMEN-TDT,XHMEN-TDT-CANAL35,RV00737-23,DAMOS RESULTADOS V1,PP,PRI,2023-11-21,20:23:19,EXCEDENTE,"Radio Televisión, S.A. de C.V.",TELEVISION CONCESIONADO,Canal 5,TDT,TELEVISIÓN
286,YUCATAN,147-MERIDA,95.3,XHMH-FM,XHMH-FM-95.3,RA00991-23,C5_SA_INICIA PROCESO ELECTORAL FEDERAL_1023_RD,AE,INE,2023-11-21,20:27:04,EXCEDENTE,"Radio Mérida, S.A.",RADIO CONCESIONADO,Candela,FM  ,RADIO
287,YUCATAN,147-MERIDA,95.3,XHMH-FM,XHMH-FM-95.3,RA00097-20,VALORES 2020 MAYA_RADIO,AE,IEPAC,2023-11-21,20:27:20,EXCEDENTE,"Radio Mérida, S.A.",RADIO CONCESIONADO,Candela,FM  ,RADIO
288,YUCATAN,147-MERIDA,95.3,XHMH-FM,XHMH-FM-95.3,RA01008-23,ORGULLO,PP,MORENA,2023-11-21,20:27:50,EXCEDENTE,"Radio Mérida, S.A.",RADIO CONCESIONADO,Candela,FM  ,RADIO
289,YUCATAN,147-MERIDA,CANAL35.2,XHMEN-TDT,XHMEN-TDT-CANAL35.2,RV00737-23,DAMOS RESULTADOS V1,PP,PRI,2023-11-21,20:38:27,EXCEDENTE,"Radio Televisión, S.A. de C.V.",TELEVISION CONCESIONADO,NU9VE,TDT,TELEVISIÓN
290,YUCATAN,147-MERIDA,CANAL30.2,XHTP-TDT,XHTP-TDT-CANAL30.2,RV00737-23,DAMOS RESULTADOS V1,PP,PRI,2023-11-21,20:45:48,EXCEDENTE,"Televisora Peninsular, S.A. de C.V.",TELEVISION CONCESIONADO,Foro TV,TDT,TELEVISIÓN
291,YUCATAN,147-MERIDA,CANAL30,XHTP-TDT,XHTP-TDT-CANAL30,RV00136-23,CATALOGO2023_ESPAÑOL_V2,AE,IEPAC,2023-11-21,21:13:32,EXCEDENTE,"Televisora Peninsular, S.A. de C.V.",TELEVISION CONCESIONADO,Las Estrellas,TDT,TELEVISIÓN
292,YUCATAN,147-MERIDA,CANAL35,XHMEN-TDT,XHMEN-TDT-CANAL35,RV00135-23,CATALOGO2023_MAYA_V2,AE,IEPAC,2023-11-21,21:33:09,EXCEDENTE,"Radio Televisión, S.A. de C.V.",TELEVISION CONCESIONADO,Canal 5,TDT,TELEVISIÓN
293,YUCATAN,147-MERIDA,CANAL30.2,XHTP-TDT,XHTP-TDT-CANAL30.2,RV00135-23,CATALOGO2023_MAYA_V2,AE,IEPAC,2023-11-21,21:42:24,EXCEDENTE,"Televisora Peninsular, S.A. de C.V.",TELEVISION CONCESIONADO,Foro TV,TDT,TELEVISIÓN
294,YUCATAN,147-MERIDA,CANAL35.2,XHMEN-TDT,XHMEN-TDT-CANAL35.2,RV00135-23,CATALOGO2023_MAYA_V2,AE,IEPAC,2023-11-21,21:44:33,EXCEDENTE,"Radio Televisión, S.A. de C.V.",TELEVISION CONCESIONADO,NU9VE,TDT,TELEVISIÓN
295,YUCATAN,147-MERIDA,CANAL35.2,XHMEN-TDT,XHMEN-TDT-CANAL35.2,RV00136-23,CATALOGO2023_ESPAÑOL_V2,AE,IEPAC,2023-11-21,22:10:57,EXCEDENTE,"Radio Televisión, S.A. de C.V.",TELEVISION CONCESIONADO,NU9VE,TDT,TELEVISIÓN
296,YUCATAN,147-MERIDA,CANAL30.2,XHTP-TDT,XHTP-TDT-CANAL30.2,RV00136-23,CATALOGO2023_ESPAÑOL_V2,AE,IEPAC,2023-11-21,22:19:04,EXCEDENTE,"Televisora Peninsular, S.A. de C.V.",TELEVISION CONCESIONADO,Foro TV,TDT,TELEVISIÓN
297,YUCATAN,147-MERIDA,CANAL30,XHTP-TDT,XHTP-TDT-CANAL30,RV00136-23,CATALOGO2023_ESPAÑOL_V2,AE,IEPAC,2023-11-21,22:21:06,EXCEDENTE,"Televisora Peninsular, S.A. de C.V.",TELEVISION CONCESIONADO,Las Estrellas,TDT,TELEVISIÓN
298,YUCATAN,147-MERIDA,CANAL22.2,XHCTMD-TDT,XHCTMD-TDT-CANAL22.2,RV00699-23,C1_SA_CONVOCATORIA SE-CAE_1023_TV,AE,INE,2023-11-21,22:30:07,EXCEDENTE,"Cadena Tres I, S.A. de C.V.",TELEVISION CONCESIONADO,Excélsior TV,TDT,TELEVISIÓN
299,YUCATAN,147-MERIDA,CANAL22.2,XHCTMD-TDT,XHCTMD-TDT-CANAL22.2,RV00661-23,C1_SA_REGISTRO EN LA LNERE VMRE RE_0923_TV,AE,INE,2023-11-21,22:30:37,EXCEDENTE,"Cadena Tres I, S.A. de C.V.",TELEVISION CONCESIONADO,Excélsior TV,TDT,TELEVISIÓN
300,YUCATAN,147-MERIDA,CANAL22,XHCTMD-TDT,XHCTMD-TDT-CANAL22,RV00846-23,PRECAMPAÑA ORGULLO,PP,MORENA,2023-11-21,22:57:02,EXCEDENTE,"Cadena Tres I, S.A. de C.V.",TELEVISION CONCESIONADO,Imagen TV,TDT,TELEVISIÓN
301,YUCATAN,147-MERIDA,CANAL22.2,XHCTMD-TDT,XHCTMD-TDT-CANAL22.2,RV00814-23,LATIDOS V2,PP,PRD,2023-11-21,23:00:47,EXCEDENTE,"Cadena Tres I, S.A. de C.V.",TELEVISION CONCESIONADO,Excélsior TV,TDT,TELEVISIÓN
302,YUCATAN,147-MERIDA,CANAL30.2,XHTP-TDT,XHTP-TDT-CANAL30.2,RV00775-23,PARA CAMBIR EL RUMBO MIX,PP,PAN,2023-11-21,23:22:34,EXCEDENTE,"Televisora Peninsular, S.A. de C.V.",TELEVISION CONCESIONADO,Foro TV,TDT,TELEVISIÓN
303,YUCATAN,147-MERIDA,CANAL35.2,XHMEN-TDT,XHMEN-TDT-CANAL35.2,RV00775-23,PARA CAMBIR EL RUMBO MIX,PP,PAN,2023-11-21,23:27:51,EXCEDENTE,"Radio Televisión, S.A. de C.V.",TELEVISION CONCESIONADO,NU9VE,TDT,TELEVISIÓN
304,YUCATAN,147-MERIDA,CANAL22,XHCTMD-TDT,XHCTMD-TDT-CANAL22,RV00839-23,EL VERDE CON LOS PROGRAMAS SOCIALES_FED,PP,PVEM,2023-11-21,23:29:56,EXCEDENTE,"Cadena Tres I, S.A. de C.V.",TELEVISION CONCESIONADO,Imagen TV,TDT,TELEVISIÓN
305,YUCATAN,147-MERIDA,CANAL22.2,XHCTMD-TDT,XHCTMD-TDT-CANAL22.2,RV00854-23,PROGRAMAS SOCIALES FED 2,PP,PVEM,2023-11-21,23:30:31,EXCEDENTE,"Cadena Tres I, S.A. de C.V.",TELEVISION CONCESIONADO,Excélsior TV,TDT,TELEVISIÓN
306,YUCATAN,147-MERIDA,CANAL22,XHCTMD-TDT,XHCTMD-TDT-CANAL22,RV00717-23,DANTE GRANDEZA,PP,MC,2023-11-21,23:30:34,EXCEDENTE,"Cadena Tres I, S.A. de C.V.",TELEVISION CONCESIONADO,Imagen TV,TDT,TELEVISIÓN
307,YUCATAN,147-MERIDA,CANAL22.2,XHCTMD-TDT,XHCTMD-TDT-CANAL22.2,RV00717-23,DANTE GRANDEZA,PP,MC,2023-11-21,23:30:57,EXCEDENTE,"Cadena Tres I, S.A. de C.V.",TELEVISION CONCESIONADO,Excélsior TV,TDT,TELEVISIÓN
308,YUCATAN,147-MERIDA,CANAL35,XHMEN-TDT,XHMEN-TDT-CANAL35,RV00136-23,CATALOGO2023_ESPAÑOL_V2,AE,IEPAC,2023-11-21,23:49:47,EXCEDENTE,"Radio Televisión, S.A. de C.V.",TELEVISION CONCESIONADO,Canal 5,TDT,TELEVISIÓN
309,YUCATAN,147-MERIDA,CANAL30,XHTP-TDT,XHTP-TDT-CANAL30,RV00775-23,PARA CAMBIR EL RUMBO MIX,PP,PAN,2023-11-21,23:56:50,EXCEDENTE,"Televisora Peninsular, S.A. de C.V.",TELEVISION CONCESIONADO,Las Estrellas,TDT,TELEVISIÓN
310,YUCATAN,147-MERIDA,CANAL35,XHMEN-TDT,XHMEN-TDT-CANAL35,RV00775-23,PARA CAMBIR EL RUMBO MIX,PP,PAN,2023-11-21,23:59:17,EXCEDENTE,"Radio Televisión, S.A. de C.V.",TELEVISION CONCESIONADO,Canal 5,TDT,TELEVISIÓN
